[{"model": "admin.logentry", "pk": 1, "fields": {"action_time": "2023-05-22T13:42:11.852Z", "user": 1, "content_type": 12, "object_id": "1", "object_repr": "0000000", "action_flag": 1, "change_message": "[{\"added\": {}}]"}}, {"model": "admin.logentry", "pk": 2, "fields": {"action_time": "2023-05-22T14:16:01.443Z", "user": 1, "content_type": 12, "object_id": "2", "object_repr": "000001", "action_flag": 1, "change_message": "[{\"added\": {}}]"}}, {"model": "admin.logentry", "pk": 3, "fields": {"action_time": "2023-05-22T15:12:36.367Z", "user": 1, "content_type": 8, "object_id": "1", "object_repr": "None", "action_flag": 1, "change_message": "[{\"added\": {}}]"}}, {"model": "admin.logentry", "pk": 4, "fields": {"action_time": "2023-05-22T15:13:09.504Z", "user": 1, "content_type": 8, "object_id": "1", "object_repr": "None", "action_flag": 2, "change_message": "[{\"changed\": {\"fields\": [\"Comments\"]}}]"}}, {"model": "admin.logentry", "pk": 5, "fields": {"action_time": "2023-05-22T15:23:32.957Z", "user": 1, "content_type": 11, "object_id": "1", "object_repr": "Coconut", "action_flag": 1, "change_message": "[{\"added\": {}}]"}}, {"model": "admin.logentry", "pk": 6, "fields": {"action_time": "2023-05-22T15:23:54.020Z", "user": 1, "content_type": 11, "object_id": "2", "object_repr": "Nutmeg", "action_flag": 1, "change_message": "[{\"added\": {}}]"}}, {"model": "admin.logentry", "pk": 7, "fields": {"action_time": "2023-05-22T15:46:29.366Z", "user": 1, "content_type": 7, "object_id": "1", "object_repr": "C", "action_flag": 1, "change_message": "[{\"added\": {}}]"}}, {"model": "admin.logentry", "pk": 8, "fields": {"action_time": "2023-05-22T16:16:02.964Z", "user": 1, "content_type": 9, "object_id": "1", "object_repr": "No", "action_flag": 1, "change_message": "[{\"added\": {}}]"}}, {"model": "admin.logentry", "pk": 9, "fields": {"action_time": "2023-05-22T16:33:30.411Z", "user": 1, "content_type": 10, "object_id": "1", "object_repr": "none", "action_flag": 1, "change_message": "[{\"added\": {}}]"}}, {"model": "admin.logentry", "pk": 10, "fields": {"action_time": "2023-05-22T18:10:30.315Z", "user": 1, "content_type": 13, "object_id": "1", "object_repr": "C", "action_flag": 1, "change_message": "[{\"added\": {}}]"}}, {"model": "admin.logentry", "pk": 11, "fields": {"action_time": "2023-05-22T18:17:45.338Z", "user": 1, "content_type": 13, "object_id": "1", "object_repr": "C", "action_flag": 2, "change_message": "[]"}}, {"model": "admin.logentry", "pk": 12, "fields": {"action_time": "2023-05-22T18:58:32.120Z", "user": 1, "content_type": 13, "object_id": "1", "object_repr": "C", "action_flag": 2, "change_message": "[]"}}, {"model": "admin.logentry", "pk": 13, "fields": {"action_time": "2023-05-22T18:58:37.576Z", "user": 1, "content_type": 13, "object_id": "1", "object_repr": "C", "action_flag": 2, "change_message": "[]"}}, {"model": "admin.logentry", "pk": 14, "fields": {"action_time": "2023-05-22T19:02:42.415Z", "user": 1, "content_type": 13, "object_id": "1", "object_repr": "000001", "action_flag": 2, "change_message": "[{\"changed\": {\"fields\": [\"Road access\", \"Land slide\", \"Flooding\", \"Heavy metals\", \"Chemical spills\", \"Dumping\", \"Feedlot\", \"Pesticides\", \"Septic tanks\", \"Manical\", \"River\", \"Spring\", \"Well\", \"Harvested\", \"Treated\", \"Annual production\", \"Peak productions\", \"Inspetion Date\", \"Current Date\"]}}]"}}, {"model": "admin.logentry", "pk": 15, "fields": {"action_time": "2023-05-23T12:28:36.173Z", "user": 1, "content_type": 13, "object_id": "1", "object_repr": "000001", "action_flag": 2, "change_message": "[{\"changed\": {\"fields\": [\"Inspetion Date\", \"Current Date\"]}}]"}}, {"model": "admin.logentry", "pk": 16, "fields": {"action_time": "2023-05-23T13:38:38.581Z", "user": 1, "content_type": 13, "object_id": "4", "object_repr": "000009", "action_flag": 3, "change_message": ""}}, {"model": "admin.logentry", "pk": 17, "fields": {"action_time": "2023-05-23T13:38:38.656Z", "user": 1, "content_type": 13, "object_id": "3", "object_repr": "000009", "action_flag": 3, "change_message": ""}}, {"model": "admin.logentry", "pk": 18, "fields": {"action_time": "2023-05-23T13:38:38.739Z", "user": 1, "content_type": 13, "object_id": "2", "object_repr": "000009", "action_flag": 3, "change_message": ""}}, {"model": "admin.logentry", "pk": 19, "fields": {"action_time": "2023-05-23T15:26:39.537Z", "user": 1, "content_type": 14, "object_id": "1", "object_repr": "Pepper", "action_flag": 1, "change_message": "[{\"added\": {}}]"}}, {"model": "admin.logentry", "pk": 20, "fields": {"action_time": "2023-05-23T15:26:47.340Z", "user": 1, "content_type": 14, "object_id": "2", "object_repr": "Tomato", "action_flag": 1, "change_message": "[{\"added\": {}}]"}}, {"model": "admin.logentry", "pk": 21, "fields": {"action_time": "2023-05-23T19:20:24.136Z", "user": 1, "content_type": 13, "object_id": "2", "object_repr": "4342441231", "action_flag": 3, "change_message": ""}}, {"model": "admin.logentry", "pk": 22, "fields": {"action_time": "2023-05-24T18:24:50.861Z", "user": 1, "content_type": 14, "object_id": "2", "object_repr": "Tomato", "action_flag": 3, "change_message": ""}}, {"model": "admin.logentry", "pk": 23, "fields": {"action_time": "2023-05-24T18:25:12.142Z", "user": 1, "content_type": 14, "object_id": "3", "object_repr": "Coconut", "action_flag": 1, "change_message": "[{\"added\": {}}]"}}, {"model": "admin.logentry", "pk": 24, "fields": {"action_time": "2023-05-24T18:25:26.322Z", "user": 1, "content_type": 14, "object_id": "4", "object_repr": "Citrus Fruit", "action_flag": 1, "change_message": "[{\"added\": {}}]"}}, {"model": "admin.logentry", "pk": 25, "fields": {"action_time": "2023-05-24T18:25:32.679Z", "user": 1, "content_type": 14, "object_id": "5", "object_repr": "Corn", "action_flag": 1, "change_message": "[{\"added\": {}}]"}}, {"model": "admin.logentry", "pk": 26, "fields": {"action_time": "2023-05-24T18:25:38.110Z", "user": 1, "content_type": 14, "object_id": "6", "object_repr": "Soursup", "action_flag": 1, "change_message": "[{\"added\": {}}]"}}, {"model": "admin.logentry", "pk": 27, "fields": {"action_time": "2023-05-24T18:25:44.386Z", "user": 1, "content_type": 14, "object_id": "7", "object_repr": "Cocoa", "action_flag": 1, "change_message": "[{\"added\": {}}]"}}, {"model": "admin.logentry", "pk": 28, "fields": {"action_time": "2023-05-24T18:25:50.522Z", "user": 1, "content_type": 14, "object_id": "8", "object_repr": "Pineapple", "action_flag": 1, "change_message": "[{\"added\": {}}]"}}, {"model": "admin.logentry", "pk": 29, "fields": {"action_time": "2023-05-24T18:26:00.921Z", "user": 1, "content_type": 14, "object_id": "9", "object_repr": "Ground Provision", "action_flag": 1, "change_message": "[{\"added\": {}}]"}}, {"model": "admin.logentry", "pk": 30, "fields": {"action_time": "2023-05-24T18:26:01.113Z", "user": 1, "content_type": 14, "object_id": "10", "object_repr": "Ground Provision", "action_flag": 1, "change_message": "[{\"added\": {}}]"}}, {"model": "admin.logentry", "pk": 31, "fields": {"action_time": "2023-05-24T18:26:08.169Z", "user": 1, "content_type": 14, "object_id": "11", "object_repr": "Banana/Plantain/Fig/Bluggo", "action_flag": 1, "change_message": "[{\"added\": {}}]"}}, {"model": "admin.logentry", "pk": 32, "fields": {"action_time": "2023-05-24T18:26:08.345Z", "user": 1, "content_type": 14, "object_id": "12", "object_repr": "Banana/Plantain/Fig/Bluggo", "action_flag": 1, "change_message": "[{\"added\": {}}]"}}, {"model": "admin.logentry", "pk": 33, "fields": {"action_time": "2023-05-24T18:26:15.393Z", "user": 1, "content_type": 14, "object_id": "13", "object_repr": "Clove", "action_flag": 1, "change_message": "[{\"added\": {}}]"}}, {"model": "admin.logentry", "pk": 34, "fields": {"action_time": "2023-05-24T18:26:22.478Z", "user": 1, "content_type": 14, "object_id": "14", "object_repr": "Cinnamon", "action_flag": 1, "change_message": "[{\"added\": {}}]"}}, {"model": "admin.logentry", "pk": 35, "fields": {"action_time": "2023-05-24T18:26:29.800Z", "user": 1, "content_type": 14, "object_id": "15", "object_repr": "Turmeric", "action_flag": 1, "change_message": "[{\"added\": {}}]"}}, {"model": "admin.logentry", "pk": 36, "fields": {"action_time": "2023-05-24T18:26:41.416Z", "user": 1, "content_type": 14, "object_id": "16", "object_repr": "Vegetable Fruit", "action_flag": 1, "change_message": "[{\"added\": {}}]"}}, {"model": "admin.logentry", "pk": 37, "fields": {"action_time": "2023-05-24T18:26:50.057Z", "user": 1, "content_type": 14, "object_id": "17", "object_repr": "Leafy/Pod/Hard Vegetable", "action_flag": 1, "change_message": "[{\"added\": {}}]"}}, {"model": "admin.logentry", "pk": 38, "fields": {"action_time": "2023-05-24T18:27:00.690Z", "user": 1, "content_type": 14, "object_id": "18", "object_repr": "Seasoning", "action_flag": 1, "change_message": "[{\"added\": {}}]"}}, {"model": "admin.logentry", "pk": 39, "fields": {"action_time": "2023-05-24T18:27:06.968Z", "user": 1, "content_type": 14, "object_id": "19", "object_repr": "Other", "action_flag": 1, "change_message": "[{\"added\": {}}]"}}, {"model": "admin.logentry", "pk": 40, "fields": {"action_time": "2023-05-26T18:22:59.367Z", "user": 1, "content_type": 13, "object_id": "29", "object_repr": "123123", "action_flag": 3, "change_message": ""}}, {"model": "admin.logentry", "pk": 41, "fields": {"action_time": "2023-05-26T18:22:59.458Z", "user": 1, "content_type": 13, "object_id": "28", "object_repr": "123123", "action_flag": 3, "change_message": ""}}, {"model": "admin.logentry", "pk": 42, "fields": {"action_time": "2023-05-26T18:22:59.516Z", "user": 1, "content_type": 13, "object_id": "27", "object_repr": "123123", "action_flag": 3, "change_message": ""}}, {"model": "admin.logentry", "pk": 43, "fields": {"action_time": "2023-05-26T18:22:59.568Z", "user": 1, "content_type": 13, "object_id": "26", "object_repr": "Test123", "action_flag": 3, "change_message": ""}}, {"model": "admin.logentry", "pk": 44, "fields": {"action_time": "2023-05-26T18:22:59.650Z", "user": 1, "content_type": 13, "object_id": "25", "object_repr": "Proof", "action_flag": 3, "change_message": ""}}, {"model": "admin.logentry", "pk": 45, "fields": {"action_time": "2023-05-26T18:22:59.710Z", "user": 1, "content_type": 13, "object_id": "24", "object_repr": "31214341234123", "action_flag": 3, "change_message": ""}}, {"model": "admin.logentry", "pk": 46, "fields": {"action_time": "2023-05-26T18:22:59.778Z", "user": 1, "content_type": 13, "object_id": "23", "object_repr": "afafsgdfgasdfaasfdfsdasdfsd", "action_flag": 3, "change_message": ""}}, {"model": "admin.logentry", "pk": 47, "fields": {"action_time": "2023-05-26T18:22:59.835Z", "user": 1, "content_type": 13, "object_id": "22", "object_repr": "dasd", "action_flag": 3, "change_message": ""}}, {"model": "admin.logentry", "pk": 48, "fields": {"action_time": "2023-05-26T18:22:59.917Z", "user": 1, "content_type": 13, "object_id": "11", "object_repr": "guess", "action_flag": 3, "change_message": ""}}, {"model": "admin.logentry", "pk": 49, "fields": {"action_time": "2023-05-26T18:23:27.033Z", "user": 1, "content_type": 13, "object_id": "22", "object_repr": "dasd", "action_flag": 3, "change_message": ""}}, {"model": "admin.logentry", "pk": 50, "fields": {"action_time": "2023-05-26T18:23:27.099Z", "user": 1, "content_type": 13, "object_id": "11", "object_repr": "guess", "action_flag": 3, "change_message": ""}}, {"model": "admin.logentry", "pk": 51, "fields": {"action_time": "2023-05-30T17:46:09.568Z", "user": 1, "content_type": 17, "object_id": "1", "object_repr": "Dried_Moisture_Analysis_A object (1)", "action_flag": 3, "change_message": ""}}, {"model": "admin.logentry", "pk": 52, "fields": {"action_time": "2023-05-31T12:27:26.210Z", "user": 1, "content_type": 13, "object_id": "22", "object_repr": "dasd", "action_flag": 3, "change_message": ""}}, {"model": "admin.logentry", "pk": 53, "fields": {"action_time": "2023-05-31T12:27:26.288Z", "user": 1, "content_type": 13, "object_id": "11", "object_repr": "guess", "action_flag": 3, "change_message": ""}}, {"model": "admin.logentry", "pk": 54, "fields": {"action_time": "2023-05-31T12:29:40.897Z", "user": 1, "content_type": 13, "object_id": "22", "object_repr": "dasd", "action_flag": 3, "change_message": ""}}, {"model": "admin.logentry", "pk": 55, "fields": {"action_time": "2023-05-31T12:29:40.959Z", "user": 1, "content_type": 13, "object_id": "11", "object_repr": "guess", "action_flag": 3, "change_message": ""}}, {"model": "admin.logentry", "pk": 56, "fields": {"action_time": "2023-05-31T12:58:55.772Z", "user": 1, "content_type": 17, "object_id": "1", "object_repr": "Dried_Moisture_Analysis_A object (1)", "action_flag": 3, "change_message": ""}}, {"model": "admin.logentry", "pk": 57, "fields": {"action_time": "2023-05-31T14:58:18.096Z", "user": 1, "content_type": 17, "object_id": "1", "object_repr": "Dried_Moisture_Analysis_A object (1)", "action_flag": 3, "change_message": ""}}, {"model": "admin.logentry", "pk": 58, "fields": {"action_time": "2023-05-31T15:05:03.624Z", "user": 1, "content_type": 17, "object_id": "2", "object_repr": "Dried_Moisture_Analysis_A object (2)", "action_flag": 1, "change_message": "[{\"added\": {}}]"}}, {"model": "admin.logentry", "pk": 59, "fields": {"action_time": "2023-05-31T15:07:38.973Z", "user": 1, "content_type": 17, "object_id": "2", "object_repr": "Test Station", "action_flag": 2, "change_message": "[{\"changed\": {\"fields\": [\"BATCH CODE\", \"Quantity of Bags\", \"Quantity of Sample\"]}}]"}}, {"model": "admin.logentry", "pk": 60, "fields": {"action_time": "2023-05-31T18:19:30.007Z", "user": 1, "content_type": 16, "object_id": "1", "object_repr": "Dried_Moisture_Analysis_B object (1)", "action_flag": 3, "change_message": ""}}, {"model": "admin.logentry", "pk": 61, "fields": {"action_time": "2023-06-02T12:12:20.537Z", "user": 1, "content_type": 20, "object_id": "1", "object_repr": "", "action_flag": 3, "change_message": ""}}, {"model": "admin.logentry", "pk": 62, "fields": {"action_time": "2023-06-05T14:58:21.740Z", "user": 1, "content_type": 10, "object_id": "1", "object_repr": "symmary object (1)", "action_flag": 3, "change_message": ""}}, {"model": "admin.logentry", "pk": 63, "fields": {"action_time": "2023-06-05T14:58:32.081Z", "user": 1, "content_type": 12, "object_id": "2", "object_repr": "User_info object (2)", "action_flag": 3, "change_message": ""}}, {"model": "admin.logentry", "pk": 64, "fields": {"action_time": "2023-06-05T14:58:32.259Z", "user": 1, "content_type": 12, "object_id": "1", "object_repr": "User_info object (1)", "action_flag": 3, "change_message": ""}}, {"model": "admin.logentry", "pk": 65, "fields": {"action_time": "2023-06-05T14:58:44.064Z", "user": 1, "content_type": 9, "object_id": "1", "object_repr": "state object (1)", "action_flag": 3, "change_message": ""}}, {"model": "admin.logentry", "pk": 66, "fields": {"action_time": "2023-06-05T16:20:40.308Z", "user": 1, "content_type": 8, "object_id": "121", "object_repr": "Land_tenurship object (121)", "action_flag": 3, "change_message": ""}}, {"model": "admin.logentry", "pk": 67, "fields": {"action_time": "2023-06-05T16:20:40.435Z", "user": 1, "content_type": 8, "object_id": "22", "object_repr": "Land_tenurship object (22)", "action_flag": 3, "change_message": ""}}, {"model": "admin.logentry", "pk": 68, "fields": {"action_time": "2023-06-05T16:20:40.552Z", "user": 1, "content_type": 8, "object_id": "11", "object_repr": "Land_tenurship object (11)", "action_flag": 3, "change_message": ""}}, {"model": "admin.logentry", "pk": 69, "fields": {"action_time": "2023-06-05T16:20:40.660Z", "user": 1, "content_type": 8, "object_id": "1", "object_repr": "Land_tenurship object (1)", "action_flag": 3, "change_message": ""}}, {"model": "admin.logentry", "pk": 70, "fields": {"action_time": "2023-06-05T16:20:52.254Z", "user": 1, "content_type": 7, "object_id": "1", "object_repr": "farm object (1)", "action_flag": 3, "change_message": ""}}, {"model": "admin.logentry", "pk": 71, "fields": {"action_time": "2023-06-06T12:05:22.875Z", "user": 1, "content_type": 14, "object_id": "11", "object_repr": "Banana/Plantain/Fig/Bluggo", "action_flag": 3, "change_message": ""}}, {"model": "admin.logentry", "pk": 72, "fields": {"action_time": "2023-06-06T12:05:32.175Z", "user": 1, "content_type": 14, "object_id": "9", "object_repr": "Ground Provision", "action_flag": 3, "change_message": ""}}, {"model": "admin.logentry", "pk": 73, "fields": {"action_time": "2023-06-07T13:55:32.560Z", "user": 1, "content_type": 12, "object_id": "3", "object_repr": "43424", "action_flag": 2, "change_message": "[{\"changed\": {\"fields\": [\"Latitude\", \"Longitude\"]}}]"}}, {"model": "admin.logentry", "pk": 74, "fields": {"action_time": "2023-06-07T13:57:21.025Z", "user": 1, "content_type": 12, "object_id": "3", "object_repr": "43424", "action_flag": 2, "change_message": "[{\"changed\": {\"fields\": [\"Phone\"]}}]"}}, {"model": "admin.logentry", "pk": 75, "fields": {"action_time": "2023-06-07T18:26:42.441Z", "user": 1, "content_type": 12, "object_id": "5", "object_repr": "fa41231", "action_flag": 2, "change_message": "[{\"changed\": {\"fields\": [\"Photo\"]}}]"}}, {"model": "admin.logentry", "pk": 76, "fields": {"action_time": "2023-06-15T15:55:34.846Z", "user": 1, "content_type": 32, "object_id": "1", "object_repr": "Nutmeg_Variety object (1)", "action_flag": 1, "change_message": "[{\"added\": {}}]"}}, {"model": "admin.logentry", "pk": 77, "fields": {"action_time": "2023-06-15T15:59:19.562Z", "user": 1, "content_type": 39, "object_id": "1", "object_repr": "Other_Crops object (1)", "action_flag": 1, "change_message": "[{\"added\": {}}]"}}, {"model": "admin.logentry", "pk": 78, "fields": {"action_time": "2023-06-15T16:00:11.572Z", "user": 1, "content_type": 39, "object_id": "1", "object_repr": "Other_Crops object (1)", "action_flag": 2, "change_message": "[]"}}, {"model": "admin.logentry", "pk": 79, "fields": {"action_time": "2023-06-15T16:01:34.628Z", "user": 1, "content_type": 39, "object_id": "1", "object_repr": "Other_Crops object (1)", "action_flag": 3, "change_message": ""}}, {"model": "admin.logentry", "pk": 80, "fields": {"action_time": "2023-06-15T16:47:46.162Z", "user": 1, "content_type": 22, "object_id": "1", "object_repr": "Coconut_Trees object (1)", "action_flag": 1, "change_message": "[{\"added\": {}}]"}}, {"model": "admin.logentry", "pk": 81, "fields": {"action_time": "2023-06-15T17:19:09.649Z", "user": 1, "content_type": 21, "object_id": "1", "object_repr": "Citrus_Mango_Trees object (1)", "action_flag": 1, "change_message": "[{\"added\": {}}]"}}, {"model": "admin.logentry", "pk": 82, "fields": {"action_time": "2023-06-16T12:48:14.136Z", "user": 1, "content_type": 28, "object_id": "1", "object_repr": "Land_Tenur object (1)", "action_flag": 2, "change_message": "[{\"changed\": {\"fields\": [\"Nutmeg ID No\"]}}]"}}, {"model": "admin.logentry", "pk": 83, "fields": {"action_time": "2023-06-16T12:50:49.991Z", "user": 1, "content_type": 28, "object_id": "1", "object_repr": "Land_Tenur object (1)", "action_flag": 2, "change_message": "[{\"changed\": {\"fields\": [\"Nutmeg ID No\"]}}]"}}, {"model": "admin.logentry", "pk": 84, "fields": {"action_time": "2023-06-16T12:54:54.950Z", "user": 1, "content_type": 28, "object_id": "1", "object_repr": "Land_Tenur object (1)", "action_flag": 2, "change_message": "[{\"changed\": {\"fields\": [\"Nutmeg ID No\"]}}]"}}, {"model": "admin.logentry", "pk": 85, "fields": {"action_time": "2023-06-16T13:02:53.690Z", "user": 1, "content_type": 28, "object_id": "1", "object_repr": "Land_Tenur object (1)", "action_flag": 2, "change_message": "[{\"changed\": {\"fields\": [\"Nutmeg ID No\"]}}]"}}, {"model": "admin.logentry", "pk": 86, "fields": {"action_time": "2023-06-16T13:04:18.018Z", "user": 1, "content_type": 28, "object_id": "1", "object_repr": "Land_Tenur object (1)", "action_flag": 2, "change_message": "[{\"changed\": {\"fields\": [\"Nutmeg ID No\"]}}]"}}, {"model": "admin.logentry", "pk": 87, "fields": {"action_time": "2023-06-19T15:26:42.510Z", "user": 1, "content_type": 27, "object_id": "1", "object_repr": "Food_Safety_and_Quality object (1)", "action_flag": 2, "change_message": "[{\"changed\": {\"fields\": [\"Picture\"]}}]"}}, {"model": "admin.logentry", "pk": 88, "fields": {"action_time": "2023-06-19T15:49:43.196Z", "user": 1, "content_type": 27, "object_id": "1", "object_repr": "Food_Safety_and_Quality object (1)", "action_flag": 2, "change_message": "[{\"changed\": {\"fields\": [\"Picture\"]}}]"}}, {"model": "admin.logentry", "pk": 89, "fields": {"action_time": "2023-06-21T18:25:41.480Z", "user": 1, "content_type": 16, "object_id": "4", "object_repr": "Dried_Moisture_Analysis_B object (4)", "action_flag": 1, "change_message": "[{\"added\": {}}]"}}, {"model": "admin.logentry", "pk": 90, "fields": {"action_time": "2023-06-21T18:43:52.317Z", "user": 1, "content_type": 18, "object_id": "2", "object_repr": "Floated_Moisture_Analysis_A object (2)", "action_flag": 2, "change_message": "[{\"changed\": {\"fields\": [\"Nutmeg ID No\"]}}]"}}, {"model": "admin.logentry", "pk": 91, "fields": {"action_time": "2023-06-21T18:44:03.140Z", "user": 1, "content_type": 19, "object_id": "3", "object_repr": "Floated_Moisture_Analysis_B object (3)", "action_flag": 2, "change_message": "[{\"changed\": {\"fields\": [\"Nutmeg ID No\"]}}]"}}, {"model": "admin.logentry", "pk": 92, "fields": {"action_time": "2023-06-21T18:44:17.972Z", "user": 1, "content_type": 20, "object_id": "6", "object_repr": "sdafsdfdsaFadfasdfdsf", "action_flag": 2, "change_message": "[{\"changed\": {\"fields\": [\"Nutmeg ID No\"]}}]"}}, {"model": "admin.logentry", "pk": 93, "fields": {"action_time": "2023-06-23T16:09:31.521Z", "user": 1, "content_type": 42, "object_id": "1", "object_repr": "0120", "action_flag": 1, "change_message": "[{\"added\": {}}]"}}, {"model": "admin.logentry", "pk": 94, "fields": {"action_time": "2023-06-26T16:08:00.196Z", "user": 1, "content_type": 43, "object_id": "1", "object_repr": "aada-213", "action_flag": 1, "change_message": "[{\"added\": {}}]"}}, {"model": "admin.logentry", "pk": 95, "fields": {"action_time": "2023-06-26T16:08:06.468Z", "user": 1, "content_type": 43, "object_id": "2", "object_repr": "as-32", "action_flag": 1, "change_message": "[{\"added\": {}}]"}}, {"model": "admin.logentry", "pk": 96, "fields": {"action_time": "2023-06-26T16:08:11.579Z", "user": 1, "content_type": 43, "object_id": "3", "object_repr": "casda-21", "action_flag": 1, "change_message": "[{\"added\": {}}]"}}, {"model": "admin.logentry", "pk": 97, "fields": {"action_time": "2023-06-26T18:25:34.188Z", "user": 1, "content_type": 17, "object_id": "4", "object_repr": "Test", "action_flag": 2, "change_message": "[{\"changed\": {\"fields\": [\"Nutmeg ID No\"]}}]"}}, {"model": "admin.logentry", "pk": 98, "fields": {"action_time": "2023-06-26T18:35:23.961Z", "user": 1, "content_type": 17, "object_id": "4", "object_repr": "Test1", "action_flag": 2, "change_message": "[{\"changed\": {\"fields\": [\"STATION\"]}}]"}}, {"model": "admin.logentry", "pk": 99, "fields": {"action_time": "2023-07-06T18:35:57.278Z", "user": 1, "content_type": 48, "object_id": "3", "object_repr": "In_House_Drying object (3)", "action_flag": 2, "change_message": "[{\"changed\": {\"fields\": [\"Worker ID No\", \"Nutmeg ID No\"]}}]"}}, {"model": "admin.logentry", "pk": 100, "fields": {"action_time": "2023-07-06T18:35:57.483Z", "user": 1, "content_type": 48, "object_id": "3", "object_repr": "In_House_Drying object (3)", "action_flag": 2, "change_message": "[]"}}, {"model": "admin.logentry", "pk": 101, "fields": {"action_time": "2023-07-07T13:21:31.214Z", "user": 1, "content_type": 48, "object_id": "3", "object_repr": "In_House_Drying object (3)", "action_flag": 3, "change_message": ""}}, {"model": "admin.logentry", "pk": 102, "fields": {"action_time": "2023-07-07T13:21:31.311Z", "user": 1, "content_type": 48, "object_id": "2", "object_repr": "In_House_Drying object (2)", "action_flag": 3, "change_message": ""}}, {"model": "admin.logentry", "pk": 103, "fields": {"action_time": "2023-07-07T13:21:31.393Z", "user": 1, "content_type": 48, "object_id": "1", "object_repr": "In_House_Drying object (1)", "action_flag": 3, "change_message": ""}}, {"model": "admin.logentry", "pk": 104, "fields": {"action_time": "2023-07-07T14:47:14.549Z", "user": 1, "content_type": 48, "object_id": "5", "object_repr": "In_House_Drying object (5)", "action_flag": 3, "change_message": ""}}, {"model": "admin.logentry", "pk": 105, "fields": {"action_time": "2023-07-07T14:47:14.608Z", "user": 1, "content_type": 48, "object_id": "4", "object_repr": "In_House_Drying object (4)", "action_flag": 3, "change_message": ""}}, {"model": "admin.logentry", "pk": 106, "fields": {"action_time": "2023-07-07T14:47:14.674Z", "user": 1, "content_type": 48, "object_id": "3", "object_repr": "In_House_Drying object (3)", "action_flag": 3, "change_message": ""}}, {"model": "admin.logentry", "pk": 107, "fields": {"action_time": "2023-07-07T14:47:14.750Z", "user": 1, "content_type": 48, "object_id": "2", "object_repr": "In_House_Drying object (2)", "action_flag": 3, "change_message": ""}}, {"model": "admin.logentry", "pk": 108, "fields": {"action_time": "2023-07-07T14:47:14.817Z", "user": 1, "content_type": 48, "object_id": "1", "object_repr": "In_House_Drying object (1)", "action_flag": 3, "change_message": ""}}, {"model": "admin.logentry", "pk": 109, "fields": {"action_time": "2023-07-07T15:18:41.887Z", "user": 1, "content_type": 48, "object_id": "8", "object_repr": "In_House_Drying object (8)", "action_flag": 2, "change_message": "[{\"changed\": {\"fields\": [\"Loft\"]}}]"}}, {"model": "admin.logentry", "pk": 110, "fields": {"action_time": "2023-07-28T13:18:38.631Z", "user": 1, "content_type": 48, "object_id": "8", "object_repr": "In_House_Drying object (8)", "action_flag": 3, "change_message": ""}}, {"model": "admin.logentry", "pk": 111, "fields": {"action_time": "2023-07-31T12:24:12.053Z", "user": 1, "content_type": 26, "object_id": "2", "object_repr": "32141", "action_flag": 2, "change_message": "[{\"changed\": {\"fields\": [\"Worker ID No\", \"Nutmeg ID No\"]}}]"}}, {"model": "admin.logentry", "pk": 112, "fields": {"action_time": "2023-07-31T13:22:04.628Z", "user": 1, "content_type": 26, "object_id": "2", "object_repr": "3214", "action_flag": 2, "change_message": "[{\"changed\": {\"fields\": [\"Nutmeg ID No\"]}}]"}}, {"model": "admin.logentry", "pk": 113, "fields": {"action_time": "2023-07-31T13:52:22.045Z", "user": 1, "content_type": 28, "object_id": "1", "object_repr": "Land_Tenur object (1)", "action_flag": 2, "change_message": "[{\"changed\": {\"fields\": [\"Worker ID No\", \"Nutmeg ID No\"]}}]"}}, {"model": "admin.logentry", "pk": 114, "fields": {"action_time": "2023-07-31T13:54:50.600Z", "user": 1, "content_type": 28, "object_id": "1", "object_repr": "Land_Tenur object (1)", "action_flag": 2, "change_message": "[{\"changed\": {\"fields\": [\"Nutmeg ID No\"]}}]"}}, {"model": "admin.logentry", "pk": 115, "fields": {"action_time": "2023-07-31T14:03:26.555Z", "user": 1, "content_type": 28, "object_id": "1", "object_repr": "Land_Tenur object (1)", "action_flag": 2, "change_message": "[{\"changed\": {\"fields\": [\"Nutmeg ID No\"]}}]"}}, {"model": "admin.logentry", "pk": 116, "fields": {"action_time": "2023-07-31T14:13:55.308Z", "user": 1, "content_type": 28, "object_id": "1", "object_repr": "Land_Tenur object (1)", "action_flag": 2, "change_message": "[{\"changed\": {\"fields\": [\"Nutmeg ID No\"]}}]"}}, {"model": "admin.logentry", "pk": 117, "fields": {"action_time": "2023-07-31T14:15:14.532Z", "user": 1, "content_type": 28, "object_id": "1", "object_repr": "Land_Tenur object (1)", "action_flag": 2, "change_message": "[{\"changed\": {\"fields\": [\"Nutmeg ID No\"]}}]"}}, {"model": "admin.logentry", "pk": 118, "fields": {"action_time": "2023-07-31T14:30:00.398Z", "user": 1, "content_type": 28, "object_id": "1", "object_repr": "Land_Tenur object (1)", "action_flag": 2, "change_message": "[{\"changed\": {\"fields\": [\"Nutmeg ID No\"]}}]"}}, {"model": "admin.logentry", "pk": 119, "fields": {"action_time": "2023-07-31T14:41:20.465Z", "user": 1, "content_type": 28, "object_id": "1", "object_repr": "Land_Tenur object (1)", "action_flag": 2, "change_message": "[{\"changed\": {\"fields\": [\"Nutmeg ID No\"]}}]"}}, {"model": "admin.logentry", "pk": 120, "fields": {"action_time": "2023-07-31T14:53:31.292Z", "user": 1, "content_type": 26, "object_id": "2", "object_repr": "32141", "action_flag": 2, "change_message": "[{\"changed\": {\"fields\": [\"Nutmeg ID No\"]}}]"}}, {"model": "auth.permission", "pk": 1, "fields": {"name": "Can add log entry", "content_type": 1, "codename": "add_logentry"}}, {"model": "auth.permission", "pk": 2, "fields": {"name": "Can change log entry", "content_type": 1, "codename": "change_logentry"}}, {"model": "auth.permission", "pk": 3, "fields": {"name": "Can delete log entry", "content_type": 1, "codename": "delete_logentry"}}, {"model": "auth.permission", "pk": 4, "fields": {"name": "Can view log entry", "content_type": 1, "codename": "view_logentry"}}, {"model": "auth.permission", "pk": 5, "fields": {"name": "Can add permission", "content_type": 2, "codename": "add_permission"}}, {"model": "auth.permission", "pk": 6, "fields": {"name": "Can change permission", "content_type": 2, "codename": "change_permission"}}, {"model": "auth.permission", "pk": 7, "fields": {"name": "Can delete permission", "content_type": 2, "codename": "delete_permission"}}, {"model": "auth.permission", "pk": 8, "fields": {"name": "Can view permission", "content_type": 2, "codename": "view_permission"}}, {"model": "auth.permission", "pk": 9, "fields": {"name": "Can add group", "content_type": 3, "codename": "add_group"}}, {"model": "auth.permission", "pk": 10, "fields": {"name": "Can change group", "content_type": 3, "codename": "change_group"}}, {"model": "auth.permission", "pk": 11, "fields": {"name": "Can delete group", "content_type": 3, "codename": "delete_group"}}, {"model": "auth.permission", "pk": 12, "fields": {"name": "Can view group", "content_type": 3, "codename": "view_group"}}, {"model": "auth.permission", "pk": 13, "fields": {"name": "Can add user", "content_type": 4, "codename": "add_user"}}, {"model": "auth.permission", "pk": 14, "fields": {"name": "Can change user", "content_type": 4, "codename": "change_user"}}, {"model": "auth.permission", "pk": 15, "fields": {"name": "Can delete user", "content_type": 4, "codename": "delete_user"}}, {"model": "auth.permission", "pk": 16, "fields": {"name": "Can view user", "content_type": 4, "codename": "view_user"}}, {"model": "auth.permission", "pk": 17, "fields": {"name": "Can add content type", "content_type": 5, "codename": "add_contenttype"}}, {"model": "auth.permission", "pk": 18, "fields": {"name": "Can change content type", "content_type": 5, "codename": "change_contenttype"}}, {"model": "auth.permission", "pk": 19, "fields": {"name": "Can delete content type", "content_type": 5, "codename": "delete_contenttype"}}, {"model": "auth.permission", "pk": 20, "fields": {"name": "Can view content type", "content_type": 5, "codename": "view_contenttype"}}, {"model": "auth.permission", "pk": 21, "fields": {"name": "Can add session", "content_type": 6, "codename": "add_session"}}, {"model": "auth.permission", "pk": 22, "fields": {"name": "Can change session", "content_type": 6, "codename": "change_session"}}, {"model": "auth.permission", "pk": 23, "fields": {"name": "Can delete session", "content_type": 6, "codename": "delete_session"}}, {"model": "auth.permission", "pk": 24, "fields": {"name": "Can view session", "content_type": 6, "codename": "view_session"}}, {"model": "auth.permission", "pk": 25, "fields": {"name": "Can add farm", "content_type": 7, "codename": "add_farm"}}, {"model": "auth.permission", "pk": 26, "fields": {"name": "Can change farm", "content_type": 7, "codename": "change_farm"}}, {"model": "auth.permission", "pk": 27, "fields": {"name": "Can delete farm", "content_type": 7, "codename": "delete_farm"}}, {"model": "auth.permission", "pk": 28, "fields": {"name": "Can view farm", "content_type": 7, "codename": "view_farm"}}, {"model": "auth.permission", "pk": 29, "fields": {"name": "Can add land_tenurship", "content_type": 8, "codename": "add_land_tenurship"}}, {"model": "auth.permission", "pk": 30, "fields": {"name": "Can change land_tenurship", "content_type": 8, "codename": "change_land_tenurship"}}, {"model": "auth.permission", "pk": 31, "fields": {"name": "Can delete land_tenurship", "content_type": 8, "codename": "delete_land_tenurship"}}, {"model": "auth.permission", "pk": 32, "fields": {"name": "Can view land_tenurship", "content_type": 8, "codename": "view_land_tenurship"}}, {"model": "auth.permission", "pk": 33, "fields": {"name": "Can add state", "content_type": 9, "codename": "add_state"}}, {"model": "auth.permission", "pk": 34, "fields": {"name": "Can change state", "content_type": 9, "codename": "change_state"}}, {"model": "auth.permission", "pk": 35, "fields": {"name": "Can delete state", "content_type": 9, "codename": "delete_state"}}, {"model": "auth.permission", "pk": 36, "fields": {"name": "Can view state", "content_type": 9, "codename": "view_state"}}, {"model": "auth.permission", "pk": 37, "fields": {"name": "Can add symmary", "content_type": 10, "codename": "add_symmary"}}, {"model": "auth.permission", "pk": 38, "fields": {"name": "Can change symmary", "content_type": 10, "codename": "change_symmary"}}, {"model": "auth.permission", "pk": 39, "fields": {"name": "Can delete symmary", "content_type": 10, "codename": "delete_symmary"}}, {"model": "auth.permission", "pk": 40, "fields": {"name": "Can view symmary", "content_type": 10, "codename": "view_symmary"}}, {"model": "auth.permission", "pk": 41, "fields": {"name": "Can add tree", "content_type": 11, "codename": "add_tree"}}, {"model": "auth.permission", "pk": 42, "fields": {"name": "Can change tree", "content_type": 11, "codename": "change_tree"}}, {"model": "auth.permission", "pk": 43, "fields": {"name": "Can delete tree", "content_type": 11, "codename": "delete_tree"}}, {"model": "auth.permission", "pk": 44, "fields": {"name": "Can view tree", "content_type": 11, "codename": "view_tree"}}, {"model": "auth.permission", "pk": 45, "fields": {"name": "Can add user_info", "content_type": 12, "codename": "add_user_info"}}, {"model": "auth.permission", "pk": 46, "fields": {"name": "Can change user_info", "content_type": 12, "codename": "change_user_info"}}, {"model": "auth.permission", "pk": 47, "fields": {"name": "Can delete user_info", "content_type": 12, "codename": "delete_user_info"}}, {"model": "auth.permission", "pk": 48, "fields": {"name": "Can view user_info", "content_type": 12, "codename": "view_user_info"}}, {"model": "auth.permission", "pk": 49, "fields": {"name": "Can add fullform", "content_type": 13, "codename": "add_fullform"}}, {"model": "auth.permission", "pk": 50, "fields": {"name": "Can change fullform", "content_type": 13, "codename": "change_fullform"}}, {"model": "auth.permission", "pk": 51, "fields": {"name": "Can delete fullform", "content_type": 13, "codename": "delete_fullform"}}, {"model": "auth.permission", "pk": 52, "fields": {"name": "Can view fullform", "content_type": 13, "codename": "view_fullform"}}, {"model": "auth.permission", "pk": 53, "fields": {"name": "Can add crops", "content_type": 14, "codename": "add_crops"}}, {"model": "auth.permission", "pk": 54, "fields": {"name": "Can change crops", "content_type": 14, "codename": "change_crops"}}, {"model": "auth.permission", "pk": 55, "fields": {"name": "Can delete crops", "content_type": 14, "codename": "delete_crops"}}, {"model": "auth.permission", "pk": 56, "fields": {"name": "Can view crops", "content_type": 14, "codename": "view_crops"}}, {"model": "auth.permission", "pk": 57, "fields": {"name": "Can add crop", "content_type": 14, "codename": "add_crop"}}, {"model": "auth.permission", "pk": 58, "fields": {"name": "Can change crop", "content_type": 14, "codename": "change_crop"}}, {"model": "auth.permission", "pk": 59, "fields": {"name": "Can delete crop", "content_type": 14, "codename": "delete_crop"}}, {"model": "auth.permission", "pk": 60, "fields": {"name": "Can view crop", "content_type": 14, "codename": "view_crop"}}, {"model": "auth.permission", "pk": 61, "fields": {"name": "Can add moisture_ analysis_a", "content_type": 15, "codename": "add_moisture_analysis_a"}}, {"model": "auth.permission", "pk": 62, "fields": {"name": "Can change moisture_ analysis_a", "content_type": 15, "codename": "change_moisture_analysis_a"}}, {"model": "auth.permission", "pk": 63, "fields": {"name": "Can delete moisture_ analysis_a", "content_type": 15, "codename": "delete_moisture_analysis_a"}}, {"model": "auth.permission", "pk": 64, "fields": {"name": "Can view moisture_ analysis_a", "content_type": 15, "codename": "view_moisture_analysis_a"}}, {"model": "auth.permission", "pk": 65, "fields": {"name": "Can add moisture_ analysis_b", "content_type": 16, "codename": "add_moisture_analysis_b"}}, {"model": "auth.permission", "pk": 66, "fields": {"name": "Can change moisture_ analysis_b", "content_type": 16, "codename": "change_moisture_analysis_b"}}, {"model": "auth.permission", "pk": 67, "fields": {"name": "Can delete moisture_ analysis_b", "content_type": 16, "codename": "delete_moisture_analysis_b"}}, {"model": "auth.permission", "pk": 68, "fields": {"name": "Can view moisture_ analysis_b", "content_type": 16, "codename": "view_moisture_analysis_b"}}, {"model": "auth.permission", "pk": 69, "fields": {"name": "Can add dried_ moisture_ analysis_a", "content_type": 17, "codename": "add_dried_moisture_analysis_a"}}, {"model": "auth.permission", "pk": 70, "fields": {"name": "Can change dried_ moisture_ analysis_a", "content_type": 17, "codename": "change_dried_moisture_analysis_a"}}, {"model": "auth.permission", "pk": 71, "fields": {"name": "Can delete dried_ moisture_ analysis_a", "content_type": 17, "codename": "delete_dried_moisture_analysis_a"}}, {"model": "auth.permission", "pk": 72, "fields": {"name": "Can view dried_ moisture_ analysis_a", "content_type": 17, "codename": "view_dried_moisture_analysis_a"}}, {"model": "auth.permission", "pk": 73, "fields": {"name": "Can add floated_ moisture_ analysis_a", "content_type": 18, "codename": "add_floated_moisture_analysis_a"}}, {"model": "auth.permission", "pk": 74, "fields": {"name": "Can change floated_ moisture_ analysis_a", "content_type": 18, "codename": "change_floated_moisture_analysis_a"}}, {"model": "auth.permission", "pk": 75, "fields": {"name": "Can delete floated_ moisture_ analysis_a", "content_type": 18, "codename": "delete_floated_moisture_analysis_a"}}, {"model": "auth.permission", "pk": 76, "fields": {"name": "Can view floated_ moisture_ analysis_a", "content_type": 18, "codename": "view_floated_moisture_analysis_a"}}, {"model": "auth.permission", "pk": 77, "fields": {"name": "Can add floated_ moisture_ analysis_b", "content_type": 19, "codename": "add_floated_moisture_analysis_b"}}, {"model": "auth.permission", "pk": 78, "fields": {"name": "Can change floated_ moisture_ analysis_b", "content_type": 19, "codename": "change_floated_moisture_analysis_b"}}, {"model": "auth.permission", "pk": 79, "fields": {"name": "Can delete floated_ moisture_ analysis_b", "content_type": 19, "codename": "delete_floated_moisture_analysis_b"}}, {"model": "auth.permission", "pk": 80, "fields": {"name": "Can view floated_ moisture_ analysis_b", "content_type": 19, "codename": "view_floated_moisture_analysis_b"}}, {"model": "auth.permission", "pk": 81, "fields": {"name": "Can add quality_ control", "content_type": 20, "codename": "add_quality_control"}}, {"model": "auth.permission", "pk": 82, "fields": {"name": "Can change quality_ control", "content_type": 20, "codename": "change_quality_control"}}, {"model": "auth.permission", "pk": 83, "fields": {"name": "Can delete quality_ control", "content_type": 20, "codename": "delete_quality_control"}}, {"model": "auth.permission", "pk": 84, "fields": {"name": "Can view quality_ control", "content_type": 20, "codename": "view_quality_control"}}, {"model": "auth.permission", "pk": 85, "fields": {"name": "Can add dried_ moisture_ analysis_b", "content_type": 16, "codename": "add_dried_moisture_analysis_b"}}, {"model": "auth.permission", "pk": 86, "fields": {"name": "Can change dried_ moisture_ analysis_b", "content_type": 16, "codename": "change_dried_moisture_analysis_b"}}, {"model": "auth.permission", "pk": 87, "fields": {"name": "Can delete dried_ moisture_ analysis_b", "content_type": 16, "codename": "delete_dried_moisture_analysis_b"}}, {"model": "auth.permission", "pk": 88, "fields": {"name": "Can view dried_ moisture_ analysis_b", "content_type": 16, "codename": "view_dried_moisture_analysis_b"}}, {"model": "auth.permission", "pk": 89, "fields": {"name": "Can add citrus_ mango_ trees", "content_type": 21, "codename": "add_citrus_mango_trees"}}, {"model": "auth.permission", "pk": 90, "fields": {"name": "Can change citrus_ mango_ trees", "content_type": 21, "codename": "change_citrus_mango_trees"}}, {"model": "auth.permission", "pk": 91, "fields": {"name": "Can delete citrus_ mango_ trees", "content_type": 21, "codename": "delete_citrus_mango_trees"}}, {"model": "auth.permission", "pk": 92, "fields": {"name": "Can view citrus_ mango_ trees", "content_type": 21, "codename": "view_citrus_mango_trees"}}, {"model": "auth.permission", "pk": 93, "fields": {"name": "Can add coconut_ trees", "content_type": 22, "codename": "add_coconut_trees"}}, {"model": "auth.permission", "pk": 94, "fields": {"name": "Can change coconut_ trees", "content_type": 22, "codename": "change_coconut_trees"}}, {"model": "auth.permission", "pk": 95, "fields": {"name": "Can delete coconut_ trees", "content_type": 22, "codename": "delete_coconut_trees"}}, {"model": "auth.permission", "pk": 96, "fields": {"name": "Can view coconut_ trees", "content_type": 22, "codename": "view_coconut_trees"}}, {"model": "auth.permission", "pk": 97, "fields": {"name": "Can add condition", "content_type": 23, "codename": "add_condition"}}, {"model": "auth.permission", "pk": 98, "fields": {"name": "Can change condition", "content_type": 23, "codename": "change_condition"}}, {"model": "auth.permission", "pk": 99, "fields": {"name": "Can delete condition", "content_type": 23, "codename": "delete_condition"}}, {"model": "auth.permission", "pk": 100, "fields": {"name": "Can view condition", "content_type": 23, "codename": "view_condition"}}, {"model": "auth.permission", "pk": 101, "fields": {"name": "Can add farm_ house", "content_type": 24, "codename": "add_farm_house"}}, {"model": "auth.permission", "pk": 102, "fields": {"name": "Can change farm_ house", "content_type": 24, "codename": "change_farm_house"}}, {"model": "auth.permission", "pk": 103, "fields": {"name": "Can delete farm_ house", "content_type": 24, "codename": "delete_farm_house"}}, {"model": "auth.permission", "pk": 104, "fields": {"name": "Can view farm_ house", "content_type": 24, "codename": "view_farm_house"}}, {"model": "auth.permission", "pk": 105, "fields": {"name": "Can add farm_ water_ source", "content_type": 25, "codename": "add_farm_water_source"}}, {"model": "auth.permission", "pk": 106, "fields": {"name": "Can change farm_ water_ source", "content_type": 25, "codename": "change_farm_water_source"}}, {"model": "auth.permission", "pk": 107, "fields": {"name": "Can delete farm_ water_ source", "content_type": 25, "codename": "delete_farm_water_source"}}, {"model": "auth.permission", "pk": 108, "fields": {"name": "Can view farm_ water_ source", "content_type": 25, "codename": "view_farm_water_source"}}, {"model": "auth.permission", "pk": 109, "fields": {"name": "Can add farmer_ info", "content_type": 26, "codename": "add_farmer_info"}}, {"model": "auth.permission", "pk": 110, "fields": {"name": "Can change farmer_ info", "content_type": 26, "codename": "change_farmer_info"}}, {"model": "auth.permission", "pk": 111, "fields": {"name": "Can delete farmer_ info", "content_type": 26, "codename": "delete_farmer_info"}}, {"model": "auth.permission", "pk": 112, "fields": {"name": "Can view farmer_ info", "content_type": 26, "codename": "view_farmer_info"}}, {"model": "auth.permission", "pk": 113, "fields": {"name": "Can add food_ safety_and_ quality", "content_type": 27, "codename": "add_food_safety_and_quality"}}, {"model": "auth.permission", "pk": 114, "fields": {"name": "Can change food_ safety_and_ quality", "content_type": 27, "codename": "change_food_safety_and_quality"}}, {"model": "auth.permission", "pk": 115, "fields": {"name": "Can delete food_ safety_and_ quality", "content_type": 27, "codename": "delete_food_safety_and_quality"}}, {"model": "auth.permission", "pk": 116, "fields": {"name": "Can view food_ safety_and_ quality", "content_type": 27, "codename": "view_food_safety_and_quality"}}, {"model": "auth.permission", "pk": 117, "fields": {"name": "Can add land_ tenur", "content_type": 28, "codename": "add_land_tenur"}}, {"model": "auth.permission", "pk": 118, "fields": {"name": "Can change land_ tenur", "content_type": 28, "codename": "change_land_tenur"}}, {"model": "auth.permission", "pk": 119, "fields": {"name": "Can delete land_ tenur", "content_type": 28, "codename": "delete_land_tenur"}}, {"model": "auth.permission", "pk": 120, "fields": {"name": "Can view land_ tenur", "content_type": 28, "codename": "view_land_tenur"}}, {"model": "auth.permission", "pk": 121, "fields": {"name": "Can add nutmeg_ frequency", "content_type": 29, "codename": "add_nutmeg_frequency"}}, {"model": "auth.permission", "pk": 122, "fields": {"name": "Can change nutmeg_ frequency", "content_type": 29, "codename": "change_nutmeg_frequency"}}, {"model": "auth.permission", "pk": 123, "fields": {"name": "Can delete nutmeg_ frequency", "content_type": 29, "codename": "delete_nutmeg_frequency"}}, {"model": "auth.permission", "pk": 124, "fields": {"name": "Can view nutmeg_ frequency", "content_type": 29, "codename": "view_nutmeg_frequency"}}, {"model": "auth.permission", "pk": 125, "fields": {"name": "Can add nutmeg_ land", "content_type": 30, "codename": "add_nutmeg_land"}}, {"model": "auth.permission", "pk": 126, "fields": {"name": "Can change nutmeg_ land", "content_type": 30, "codename": "change_nutmeg_land"}}, {"model": "auth.permission", "pk": 127, "fields": {"name": "Can delete nutmeg_ land", "content_type": 30, "codename": "delete_nutmeg_land"}}, {"model": "auth.permission", "pk": 128, "fields": {"name": "Can view nutmeg_ land", "content_type": 30, "codename": "view_nutmeg_land"}}, {"model": "auth.permission", "pk": 129, "fields": {"name": "Can add nutmeg_ trees", "content_type": 31, "codename": "add_nutmeg_trees"}}, {"model": "auth.permission", "pk": 130, "fields": {"name": "Can change nutmeg_ trees", "content_type": 31, "codename": "change_nutmeg_trees"}}, {"model": "auth.permission", "pk": 131, "fields": {"name": "Can delete nutmeg_ trees", "content_type": 31, "codename": "delete_nutmeg_trees"}}, {"model": "auth.permission", "pk": 132, "fields": {"name": "Can view nutmeg_ trees", "content_type": 31, "codename": "view_nutmeg_trees"}}, {"model": "auth.permission", "pk": 133, "fields": {"name": "Can add nutmeg_ variety", "content_type": 32, "codename": "add_nutmeg_variety"}}, {"model": "auth.permission", "pk": 134, "fields": {"name": "Can change nutmeg_ variety", "content_type": 32, "codename": "change_nutmeg_variety"}}, {"model": "auth.permission", "pk": 135, "fields": {"name": "Can delete nutmeg_ variety", "content_type": 32, "codename": "delete_nutmeg_variety"}}, {"model": "auth.permission", "pk": 136, "fields": {"name": "Can view nutmeg_ variety", "content_type": 32, "codename": "view_nutmeg_variety"}}, {"model": "auth.permission", "pk": 137, "fields": {"name": "Can add other_ crops_ cultivated", "content_type": 33, "codename": "add_other_crops_cultivated"}}, {"model": "auth.permission", "pk": 138, "fields": {"name": "Can change other_ crops_ cultivated", "content_type": 33, "codename": "change_other_crops_cultivated"}}, {"model": "auth.permission", "pk": 139, "fields": {"name": "Can delete other_ crops_ cultivated", "content_type": 33, "codename": "delete_other_crops_cultivated"}}, {"model": "auth.permission", "pk": 140, "fields": {"name": "Can view other_ crops_ cultivated", "content_type": 33, "codename": "view_other_crops_cultivated"}}, {"model": "auth.permission", "pk": 141, "fields": {"name": "Can add other_ seasoning_ trees", "content_type": 34, "codename": "add_other_seasoning_trees"}}, {"model": "auth.permission", "pk": 142, "fields": {"name": "Can change other_ seasoning_ trees", "content_type": 34, "codename": "change_other_seasoning_trees"}}, {"model": "auth.permission", "pk": 143, "fields": {"name": "Can delete other_ seasoning_ trees", "content_type": 34, "codename": "delete_other_seasoning_trees"}}, {"model": "auth.permission", "pk": 144, "fields": {"name": "Can view other_ seasoning_ trees", "content_type": 34, "codename": "view_other_seasoning_trees"}}, {"model": "auth.permission", "pk": 145, "fields": {"name": "Can add other_ spices_ trees", "content_type": 35, "codename": "add_other_spices_trees"}}, {"model": "auth.permission", "pk": 146, "fields": {"name": "Can change other_ spices_ trees", "content_type": 35, "codename": "change_other_spices_trees"}}, {"model": "auth.permission", "pk": 147, "fields": {"name": "Can delete other_ spices_ trees", "content_type": 35, "codename": "delete_other_spices_trees"}}, {"model": "auth.permission", "pk": 148, "fields": {"name": "Can view other_ spices_ trees", "content_type": 35, "codename": "view_other_spices_trees"}}, {"model": "auth.permission", "pk": 149, "fields": {"name": "Can add policy", "content_type": 36, "codename": "add_policy"}}, {"model": "auth.permission", "pk": 150, "fields": {"name": "Can change policy", "content_type": 36, "codename": "change_policy"}}, {"model": "auth.permission", "pk": 151, "fields": {"name": "Can delete policy", "content_type": 36, "codename": "delete_policy"}}, {"model": "auth.permission", "pk": 152, "fields": {"name": "Can view policy", "content_type": 36, "codename": "view_policy"}}, {"model": "auth.permission", "pk": 153, "fields": {"name": "Can add potential_ risks", "content_type": 37, "codename": "add_potential_risks"}}, {"model": "auth.permission", "pk": 154, "fields": {"name": "Can change potential_ risks", "content_type": 37, "codename": "change_potential_risks"}}, {"model": "auth.permission", "pk": 155, "fields": {"name": "Can delete potential_ risks", "content_type": 37, "codename": "delete_potential_risks"}}, {"model": "auth.permission", "pk": 156, "fields": {"name": "Can view potential_ risks", "content_type": 37, "codename": "view_potential_risks"}}, {"model": "auth.permission", "pk": 157, "fields": {"name": "Can add road_ access", "content_type": 38, "codename": "add_road_access"}}, {"model": "auth.permission", "pk": 158, "fields": {"name": "Can change road_ access", "content_type": 38, "codename": "change_road_access"}}, {"model": "auth.permission", "pk": 159, "fields": {"name": "Can delete road_ access", "content_type": 38, "codename": "delete_road_access"}}, {"model": "auth.permission", "pk": 160, "fields": {"name": "Can view road_ access", "content_type": 38, "codename": "view_road_access"}}, {"model": "auth.permission", "pk": 161, "fields": {"name": "Can add other_ crops", "content_type": 39, "codename": "add_other_crops"}}, {"model": "auth.permission", "pk": 162, "fields": {"name": "Can change other_ crops", "content_type": 39, "codename": "change_other_crops"}}, {"model": "auth.permission", "pk": 163, "fields": {"name": "Can delete other_ crops", "content_type": 39, "codename": "delete_other_crops"}}, {"model": "auth.permission", "pk": 164, "fields": {"name": "Can view other_ crops", "content_type": 39, "codename": "view_other_crops"}}, {"model": "auth.permission", "pk": 165, "fields": {"name": "Can add land_info", "content_type": 40, "codename": "add_land_info"}}, {"model": "auth.permission", "pk": 166, "fields": {"name": "Can change land_info", "content_type": 40, "codename": "change_land_info"}}, {"model": "auth.permission", "pk": 167, "fields": {"name": "Can delete land_info", "content_type": 40, "codename": "delete_land_info"}}, {"model": "auth.permission", "pk": 168, "fields": {"name": "Can view land_info", "content_type": 40, "codename": "view_land_info"}}, {"model": "auth.permission", "pk": 169, "fields": {"name": "Can add inspector_symmary", "content_type": 41, "codename": "add_inspector_symmary"}}, {"model": "auth.permission", "pk": 170, "fields": {"name": "Can change inspector_symmary", "content_type": 41, "codename": "change_inspector_symmary"}}, {"model": "auth.permission", "pk": 171, "fields": {"name": "Can delete inspector_symmary", "content_type": 41, "codename": "delete_inspector_symmary"}}, {"model": "auth.permission", "pk": 172, "fields": {"name": "Can view inspector_symmary", "content_type": 41, "codename": "view_inspector_symmary"}}, {"model": "auth.permission", "pk": 173, "fields": {"name": "Can add worker_ info", "content_type": 42, "codename": "add_worker_info"}}, {"model": "auth.permission", "pk": 174, "fields": {"name": "Can change worker_ info", "content_type": 42, "codename": "change_worker_info"}}, {"model": "auth.permission", "pk": 175, "fields": {"name": "Can delete worker_ info", "content_type": 42, "codename": "delete_worker_info"}}, {"model": "auth.permission", "pk": 176, "fields": {"name": "Can view worker_ info", "content_type": 42, "codename": "view_worker_info"}}, {"model": "auth.permission", "pk": 177, "fields": {"name": "Can add editors", "content_type": 43, "codename": "add_editors"}}, {"model": "auth.permission", "pk": 178, "fields": {"name": "Can change editors", "content_type": 43, "codename": "change_editors"}}, {"model": "auth.permission", "pk": 179, "fields": {"name": "Can delete editors", "content_type": 43, "codename": "delete_editors"}}, {"model": "auth.permission", "pk": 180, "fields": {"name": "Can view editors", "content_type": 43, "codename": "view_editors"}}, {"model": "auth.permission", "pk": 181, "fields": {"name": "Can add cracking_ summary", "content_type": 44, "codename": "add_cracking_summary"}}, {"model": "auth.permission", "pk": 182, "fields": {"name": "Can change cracking_ summary", "content_type": 44, "codename": "change_cracking_summary"}}, {"model": "auth.permission", "pk": 183, "fields": {"name": "Can delete cracking_ summary", "content_type": 44, "codename": "delete_cracking_summary"}}, {"model": "auth.permission", "pk": 184, "fields": {"name": "Can view cracking_ summary", "content_type": 44, "codename": "view_cracking_summary"}}, {"model": "auth.permission", "pk": 185, "fields": {"name": "Can add dispatch_ of_ dried_ nutmeg", "content_type": 45, "codename": "add_dispatch_of_dried_nutmeg"}}, {"model": "auth.permission", "pk": 186, "fields": {"name": "Can change dispatch_ of_ dried_ nutmeg", "content_type": 45, "codename": "change_dispatch_of_dried_nutmeg"}}, {"model": "auth.permission", "pk": 187, "fields": {"name": "Can delete dispatch_ of_ dried_ nutmeg", "content_type": 45, "codename": "delete_dispatch_of_dried_nutmeg"}}, {"model": "auth.permission", "pk": 188, "fields": {"name": "Can view dispatch_ of_ dried_ nutmeg", "content_type": 45, "codename": "view_dispatch_of_dried_nutmeg"}}, {"model": "auth.permission", "pk": 189, "fields": {"name": "Can add dispatch_ of_ green_ nutmeg", "content_type": 46, "codename": "add_dispatch_of_green_nutmeg"}}, {"model": "auth.permission", "pk": 190, "fields": {"name": "Can change dispatch_ of_ green_ nutmeg", "content_type": 46, "codename": "change_dispatch_of_green_nutmeg"}}, {"model": "auth.permission", "pk": 191, "fields": {"name": "Can delete dispatch_ of_ green_ nutmeg", "content_type": 46, "codename": "delete_dispatch_of_green_nutmeg"}}, {"model": "auth.permission", "pk": 192, "fields": {"name": "Can view dispatch_ of_ green_ nutmeg", "content_type": 46, "codename": "view_dispatch_of_green_nutmeg"}}, {"model": "auth.permission", "pk": 193, "fields": {"name": "Can add floation_ summary", "content_type": 47, "codename": "add_floation_summary"}}, {"model": "auth.permission", "pk": 194, "fields": {"name": "Can change floation_ summary", "content_type": 47, "codename": "change_floation_summary"}}, {"model": "auth.permission", "pk": 195, "fields": {"name": "Can delete floation_ summary", "content_type": 47, "codename": "delete_floation_summary"}}, {"model": "auth.permission", "pk": 196, "fields": {"name": "Can view floation_ summary", "content_type": 47, "codename": "view_floation_summary"}}, {"model": "auth.permission", "pk": 197, "fields": {"name": "Can add in_ house_ drying", "content_type": 48, "codename": "add_in_house_drying"}}, {"model": "auth.permission", "pk": 198, "fields": {"name": "Can change in_ house_ drying", "content_type": 48, "codename": "change_in_house_drying"}}, {"model": "auth.permission", "pk": 199, "fields": {"name": "Can delete in_ house_ drying", "content_type": 48, "codename": "delete_in_house_drying"}}, {"model": "auth.permission", "pk": 200, "fields": {"name": "Can view in_ house_ drying", "content_type": 48, "codename": "view_in_house_drying"}}, {"model": "auth.permission", "pk": 201, "fields": {"name": "Can add package_ ciontrol", "content_type": 49, "codename": "add_package_ciontrol"}}, {"model": "auth.permission", "pk": 202, "fields": {"name": "Can change package_ ciontrol", "content_type": 49, "codename": "change_package_ciontrol"}}, {"model": "auth.permission", "pk": 203, "fields": {"name": "Can delete package_ ciontrol", "content_type": 49, "codename": "delete_package_ciontrol"}}, {"model": "auth.permission", "pk": 204, "fields": {"name": "Can view package_ ciontrol", "content_type": 49, "codename": "view_package_ciontrol"}}, {"model": "auth.user", "pk": 1, "fields": {"password": "pbkdf2_sha256$600000$OhhWmvjN9chGx4ECA7zloX$cg5p4PfKbwMoGHYZnLJAAT1KYZrz5sfhOyVwUaCbFv0=", "last_login": "2023-06-05T13:36:21.220Z", "is_superuser": true, "username": "admin", "first_name": "", "last_name": "", "email": "josiahbest422@gmail.com", "is_staff": true, "is_active": true, "date_joined": "2023-05-22T12:07:22.621Z", "groups": [], "user_permissions": []}}, {"model": "contenttypes.contenttype", "pk": 1, "fields": {"app_label": "admin", "model": "logentry"}}, {"model": "contenttypes.contenttype", "pk": 2, "fields": {"app_label": "auth", "model": "permission"}}, {"model": "contenttypes.contenttype", "pk": 3, "fields": {"app_label": "auth", "model": "group"}}, {"model": "contenttypes.contenttype", "pk": 4, "fields": {"app_label": "auth", "model": "user"}}, {"model": "contenttypes.contenttype", "pk": 5, "fields": {"app_label": "contenttypes", "model": "contenttype"}}, {"model": "contenttypes.contenttype", "pk": 6, "fields": {"app_label": "sessions", "model": "session"}}, {"model": "contenttypes.contenttype", "pk": 7, "fields": {"app_label": "gcna_data", "model": "farm"}}, {"model": "contenttypes.contenttype", "pk": 8, "fields": {"app_label": "gcna_data", "model": "land_tenurship"}}, {"model": "contenttypes.contenttype", "pk": 9, "fields": {"app_label": "gcna_data", "model": "state"}}, {"model": "contenttypes.contenttype", "pk": 10, "fields": {"app_label": "gcna_data", "model": "symmary"}}, {"model": "contenttypes.contenttype", "pk": 11, "fields": {"app_label": "gcna_data", "model": "tree"}}, {"model": "contenttypes.contenttype", "pk": 12, "fields": {"app_label": "gcna_data", "model": "user_info"}}, {"model": "contenttypes.contenttype", "pk": 13, "fields": {"app_label": "gcna_data", "model": "fullform"}}, {"model": "contenttypes.contenttype", "pk": 14, "fields": {"app_label": "gcna_data", "model": "crop"}}, {"model": "contenttypes.contenttype", "pk": 15, "fields": {"app_label": "gcna_data", "model": "moisture_analysis_a"}}, {"model": "contenttypes.contenttype", "pk": 16, "fields": {"app_label": "gcna_data", "model": "dried_moisture_analysis_b"}}, {"model": "contenttypes.contenttype", "pk": 17, "fields": {"app_label": "gcna_data", "model": "dried_moisture_analysis_a"}}, {"model": "contenttypes.contenttype", "pk": 18, "fields": {"app_label": "gcna_data", "model": "floated_moisture_analysis_a"}}, {"model": "contenttypes.contenttype", "pk": 19, "fields": {"app_label": "gcna_data", "model": "floated_moisture_analysis_b"}}, {"model": "contenttypes.contenttype", "pk": 20, "fields": {"app_label": "gcna_data", "model": "quality_control"}}, {"model": "contenttypes.contenttype", "pk": 21, "fields": {"app_label": "gcna_data", "model": "citrus_mango_trees"}}, {"model": "contenttypes.contenttype", "pk": 22, "fields": {"app_label": "gcna_data", "model": "coconut_trees"}}, {"model": "contenttypes.contenttype", "pk": 23, "fields": {"app_label": "gcna_data", "model": "condition"}}, {"model": "contenttypes.contenttype", "pk": 24, "fields": {"app_label": "gcna_data", "model": "farm_house"}}, {"model": "contenttypes.contenttype", "pk": 25, "fields": {"app_label": "gcna_data", "model": "farm_water_source"}}, {"model": "contenttypes.contenttype", "pk": 26, "fields": {"app_label": "gcna_data", "model": "farmer_info"}}, {"model": "contenttypes.contenttype", "pk": 27, "fields": {"app_label": "gcna_data", "model": "food_safety_and_quality"}}, {"model": "contenttypes.contenttype", "pk": 28, "fields": {"app_label": "gcna_data", "model": "land_tenur"}}, {"model": "contenttypes.contenttype", "pk": 29, "fields": {"app_label": "gcna_data", "model": "nutmeg_frequency"}}, {"model": "contenttypes.contenttype", "pk": 30, "fields": {"app_label": "gcna_data", "model": "nutmeg_land"}}, {"model": "contenttypes.contenttype", "pk": 31, "fields": {"app_label": "gcna_data", "model": "nutmeg_trees"}}, {"model": "contenttypes.contenttype", "pk": 32, "fields": {"app_label": "gcna_data", "model": "nutmeg_variety"}}, {"model": "contenttypes.contenttype", "pk": 33, "fields": {"app_label": "gcna_data", "model": "other_crops_cultivated"}}, {"model": "contenttypes.contenttype", "pk": 34, "fields": {"app_label": "gcna_data", "model": "other_seasoning_trees"}}, {"model": "contenttypes.contenttype", "pk": 35, "fields": {"app_label": "gcna_data", "model": "other_spices_trees"}}, {"model": "contenttypes.contenttype", "pk": 36, "fields": {"app_label": "gcna_data", "model": "policy"}}, {"model": "contenttypes.contenttype", "pk": 37, "fields": {"app_label": "gcna_data", "model": "potential_risks"}}, {"model": "contenttypes.contenttype", "pk": 38, "fields": {"app_label": "gcna_data", "model": "road_access"}}, {"model": "contenttypes.contenttype", "pk": 39, "fields": {"app_label": "gcna_data", "model": "other_crops"}}, {"model": "contenttypes.contenttype", "pk": 40, "fields": {"app_label": "gcna_data", "model": "land_info"}}, {"model": "contenttypes.contenttype", "pk": 41, "fields": {"app_label": "gcna_data", "model": "inspector_symmary"}}, {"model": "contenttypes.contenttype", "pk": 42, "fields": {"app_label": "gcna_data", "model": "worker_info"}}, {"model": "contenttypes.contenttype", "pk": 43, "fields": {"app_label": "gcna_data", "model": "editors"}}, {"model": "contenttypes.contenttype", "pk": 44, "fields": {"app_label": "gcna_data", "model": "cracking_summary"}}, {"model": "contenttypes.contenttype", "pk": 45, "fields": {"app_label": "gcna_data", "model": "dispatch_of_dried_nutmeg"}}, {"model": "contenttypes.contenttype", "pk": 46, "fields": {"app_label": "gcna_data", "model": "dispatch_of_green_nutmeg"}}, {"model": "contenttypes.contenttype", "pk": 47, "fields": {"app_label": "gcna_data", "model": "floation_summary"}}, {"model": "contenttypes.contenttype", "pk": 48, "fields": {"app_label": "gcna_data", "model": "in_house_drying"}}, {"model": "contenttypes.contenttype", "pk": 49, "fields": {"app_label": "gcna_data", "model": "package_ciontrol"}}, {"model": "sessions.session", "pk": "09m4ma66x2yzkwtuwsp6jh1dxnzy6pd1", "fields": {"session_data": ".eJxVjMEOwiAQRP-FsyEsWkCP3vsNzcLuStVAUtqT8d-VpAc9TTLvzbzUhNuap63xMs2kLgrU4beLmB5cOqA7llvVqZZ1maPuit5p02Mlfl539-8gY8t9Ld4KE5kjJI8SDZANgzURA4SQRCx4sSfnKQCbb7joZXDs6WwoIaj3B_zYOGM:1q14KZ:IqfTrkzz_bA43HW9XMPuaRQjWAtJoWY3afLrmhtxcoo", "expire_date": "2023-06-05T12:08:03.002Z"}}, {"model": "sessions.session", "pk": "0zkect4tjyzop3168wvu1671mdcnjafs", "fields": {"session_data": "eyJOdXRtZWdfSURfTm8iOiIgIn0:1qLocU:TjJJiC4hQRX-XKSh1l5tByVKvMDbk660UEBcKqv6cks", "expire_date": "2023-08-01T17:36:18.784Z"}}, {"model": "sessions.session", "pk": "3xn0asca76zpr10b7qdeoro4lvvx0ch1", "fields": {"session_data": "eyJOdXRtZWdfSURfTm8iOiIyMTMxMjMxIn0:1q9Vcp:CFKnCZKn9ePt9UCvl-KBTwZ-d6tQt6I6iecicU_bZ7s", "expire_date": "2023-06-28T18:53:47.629Z"}}, {"model": "sessions.session", "pk": "65wpy7umvyz0mz55g7nls46yc7mr0rbf", "fields": {"session_data": "eyJOdXRtZWdfSURfTm8iOiIzMTI0IiwiV29ya2VyX0lEX05vIjoiMTIwIn0:1qLSTO:5L9ZjbvQ_j1dexqcys5CBWrIV4cgv92ZPs2Sk_qo6KE", "expire_date": "2023-07-31T17:57:26.673Z"}}, {"model": "sessions.session", "pk": "8ph70pa1p10o04r4p7xe06r6s8bpd9mn", "fields": {"session_data": "eyJOdXRtZWdfSURfTm8iOiIzMjE0IiwiV29ya2VyX0lEX05vIjoiMDEyMCJ9:1qLShv:QX52mdggv2dTUWAmC9-KXAHkm7vGpTfRfnkd8b8b0vs", "expire_date": "2023-07-31T18:12:27.632Z"}}, {"model": "sessions.session", "pk": "a0l2jns1e28xyd0ga9p9wzt7xuh8tt19", "fields": {"session_data": ".eJxVjjEPwiAQhf-KYTYE0BZ0NC4OdjJxJMAdba2FpLST8b8LSU10urv3vnt3L6LNMnd6STjpHsiRcLL91axxA4ZiwMOENlIXwzz1lhaErm6i1wj4PK3sX0BnUle2vRQeAdiOO2m8ZRyEqgSzRnGlnPeCSy_2tQTFkeVSW-mrGiUcGDhTvmqWecRWX866iTlxk6VgRsztDdOcp3uchnzxCzAuGHl_ANyCSEs:1qRFi4:xa1NAXCGGCnVKSMjLwHPVzKWYUxNds7JWkEtBuA07XQ", "expire_date": "2023-08-16T17:32:32.429Z"}}, {"model": "sessions.session", "pk": "ay3z4037wi943gculjmrvcezvyrh0uw5", "fields": {"session_data": ".eJxVjMEOwiAQRP-FsyEsWkCP3vsNzcLuStVAUtqT8d-VpAc9TTLvzbzUhNuap63xMs2kLgrU4beLmB5cOqA7llvVqZZ1maPuit5p02Mlfl539-8gY8t9Ld4KE5kjJI8SDZANgzURA4SQRCx4sSfnKQCbb7joZXDs6WwoIaj3B_zYOGM:1q2WHs:mNyTaUDTw8USpc-lcS1SOOjGGEII7k8rgEz7NchgMTo", "expire_date": "2023-06-09T12:11:16.116Z"}}, {"model": "sessions.session", "pk": "gh7oad8n7ifelp9f2ebkax8k26r0fcff", "fields": {"session_data": ".eJxVjMEOwiAQRP-FsyEsWkCP3vsNzcLuStVAUtqT8d-VpAc9TTLvzbzUhNuap63xMs2kLgrU4beLmB5cOqA7llvVqZZ1maPuit5p02Mlfl539-8gY8t9Ld4KE5kjJI8SDZANgzURA4SQRCx4sSfnKQCbb7joZXDs6WwoIaj3B_zYOGM:1q1pLm:WDrYt20B1ZVlc2aOu1He8PbgzUxZ92zUT0SaG73xxqk", "expire_date": "2023-06-07T14:20:26.511Z"}}, {"model": "sessions.session", "pk": "ui1ls3wgb739r5hhkzyu0s99rr7ikos7", "fields": {"session_data": "eyJOdXRtZWdfSURfTm8iOiIyMTMxMjMxIiwiV29ya2VyX0lEX05vIjoiMDEyMCJ9:1qLSc4:s-VihsDCwVmudNDbUWzTG4ndcYWJpG9vvHrmzPwkkuM", "expire_date": "2023-07-31T18:06:24.269Z"}}, {"model": "sessions.session", "pk": "zfkgfxss57rn2z0psgzgksvrbu7qrcu7", "fields": {"session_data": "eyJOdXRtZWdfSURfTm8iOiIgIn0:1qLSQ8:UXGhEovNDdIeteW8JW7msPZf-it1ytHoPdmvJhcHknE", "expire_date": "2023-07-31T17:54:05.017Z"}}, {"model": "gcna_data.crop", "pk": 1, "fields": {"name": "Pepper"}}, {"model": "gcna_data.crop", "pk": 3, "fields": {"name": "Coconut"}}, {"model": "gcna_data.crop", "pk": 4, "fields": {"name": "Citrus Fruit"}}, {"model": "gcna_data.crop", "pk": 5, "fields": {"name": "Corn"}}, {"model": "gcna_data.crop", "pk": 6, "fields": {"name": "Soursup"}}, {"model": "gcna_data.crop", "pk": 7, "fields": {"name": "Cocoa"}}, {"model": "gcna_data.crop", "pk": 8, "fields": {"name": "Pineapple"}}, {"model": "gcna_data.crop", "pk": 10, "fields": {"name": "Ground Provision"}}, {"model": "gcna_data.crop", "pk": 12, "fields": {"name": "Banana/Plantain/Fig/Bluggo"}}, {"model": "gcna_data.crop", "pk": 13, "fields": {"name": "Clove"}}, {"model": "gcna_data.crop", "pk": 14, "fields": {"name": "Cinnamon"}}, {"model": "gcna_data.crop", "pk": 15, "fields": {"name": "Turmeric"}}, {"model": "gcna_data.crop", "pk": 16, "fields": {"name": "Vegetable Fruit"}}, {"model": "gcna_data.crop", "pk": 17, "fields": {"name": "Leafy/Pod/Hard Vegetable"}}, {"model": "gcna_data.crop", "pk": 18, "fields": {"name": "Seasoning"}}, {"model": "gcna_data.crop", "pk": 19, "fields": {"name": "Other"}}, {"model": "gcna_data.fullform", "pk": 1, "fields": {"farmer_ID": "000001", "name": "Test", "village": "Test", "parish": "Test", "GPS_location": "Test", "email": "test@gmail.com", "phone": "12312313213", "age": "B", "titles": "None", "family": "None", "lease": "None", "caretaker": "None", "agent": "None", "comments": "This is a Test", "Tree_types": "Coconut", "Mature_trees": 5, "Bearing_trees": 5, "NonBearing_trees": 7, "land_elevation": "C", "soil_type": "P", "rainfall_pattern": "C", "intercrop": "none", "pure_stand": "none", "norm_land": "none", "seas_land": "none", "aban_land": "none", "road_access": "No", "land_slide": "No", "flooding": "No", "heavy_metals": "No", "chemical_spills": "No", "dumping": "No", "feedlot": "No", "pesticides": "No", "septic_tanks": "No", "manical": "C", "river": "D", "spring": "D", "well": "D", "harvested": "D", "treated": "C", "annual_production": "none", "peak_productions": "No", "inspected_by": "2023-05-23", "date": "2023-05-23", "other_crops": []}}, {"model": "gcna_data.fullform", "pk": 11, "fields": {"farmer_ID": "guess", "name": "True", "village": "null", "parish": "False", "GPS_location": "null", "email": null, "phone": null, "age": "A", "titles": null, "family": null, "lease": null, "caretaker": null, "agent": null, "comments": "", "Tree_types": "A", "Mature_trees": 0, "Bearing_trees": 0, "NonBearing_trees": 0, "land_elevation": "P", "soil_type": "P", "rainfall_pattern": "P", "intercrop": null, "pure_stand": null, "norm_land": null, "seas_land": null, "aban_land": null, "road_access": null, "land_slide": null, "flooding": null, "heavy_metals": null, "chemical_spills": null, "dumping": null, "feedlot": null, "pesticides": null, "septic_tanks": null, "manical": "P", "river": "P", "spring": "P", "well": "P", "harvested": "P", "treated": "P", "annual_production": null, "peak_productions": null, "inspected_by": null, "date": null, "other_crops": []}}, {"model": "gcna_data.fullform", "pk": 22, "fields": {"farmer_ID": "dasd", "name": "asdas", "village": "asdas", "parish": "asdas", "GPS_location": "asdas", "email": null, "phone": null, "age": "A", "titles": null, "family": null, "lease": null, "caretaker": null, "agent": null, "comments": "", "Tree_types": "A", "Mature_trees": 0, "Bearing_trees": 0, "NonBearing_trees": 0, "land_elevation": "P", "soil_type": "P", "rainfall_pattern": "P", "intercrop": null, "pure_stand": null, "norm_land": null, "seas_land": null, "aban_land": null, "road_access": null, "land_slide": null, "flooding": null, "heavy_metals": null, "chemical_spills": null, "dumping": null, "feedlot": null, "pesticides": null, "septic_tanks": null, "manical": "P", "river": "P", "spring": "P", "well": "P", "harvested": "P", "treated": "P", "annual_production": null, "peak_productions": null, "inspected_by": null, "date": null, "other_crops": []}}, {"model": "gcna_data.dried_moisture_analysis_a", "pk": 4, "fields": {"Worker_ID_No": null, "Nutmeg_ID_No": "3214", "DATE_OF_SAMPLING": "2023-05-05", "STATION": "Test1", "BATCH_CODE": 123, "Quantity_of_Bags": 12312, "Quantity_of_Sample": 123123, "Total_Weight": 0.0, "Initial_Sample_Weight": 123123.0, "Insect_Damaged": 213123.0, "Broken": 123123.0, "Mould": 213123.0, "Final_Sample_Weight": "-426246.00", "READING_1": "23", "READING_2": "45", "READING_3": "32", "AVERAGE": "33", "DECISION": "Null", "Comments": "dfdfgdfsgdfsgdfg", "TEST_PERFORMED_BY": "John Doe", "SIGNED_BY": "John Doe", "DATE_OF_REPORT": "2023-06-02", "SIGNED_BY_QUALITY_ASSURANCE_OFFICER": "John Doe", "DATE": "2023-06-02"}}, {"model": "gcna_data.dried_moisture_analysis_a", "pk": 5, "fields": {"Worker_ID_No": null, "Nutmeg_ID_No": "2131231", "DATE_OF_SAMPLING": "2023-06-23", "STATION": "Test", "BATCH_CODE": 8, "Quantity_of_Bags": 7, "Quantity_of_Sample": 6, "Total_Weight": 7.0, "Initial_Sample_Weight": 4234.0, "Insect_Damaged": 234.0, "Broken": 2342.0, "Mould": 234234.0, "Final_Sample_Weight": "-232576.00", "READING_1": "423423", "READING_2": "342342", "READING_3": "234234", "AVERAGE": "333333", "DECISION": "sdfsdfsdfs", "Comments": "3242342342342", "TEST_PERFORMED_BY": "fsdfsdf", "SIGNED_BY": "John Doe2", "DATE_OF_REPORT": "2023-06-14", "SIGNED_BY_QUALITY_ASSURANCE_OFFICER": "John Doe2", "DATE": "2023-06-23"}}, {"model": "gcna_data.dried_moisture_analysis_b", "pk": 3, "fields": {"Worker_ID_No": null, "Nutmeg_ID_No": null, "DATE_OF_SAMPLING": "2023-06-01", "STATION": "Test43", "BATCH_CODE": 123412, "Total_Quantity_of_Bags_in_Non_Compliance": 123123, "Total_Weight_of_Nutmeg_in_Non_Compliance": 123123, "Additional_Drying_Period": "21", "Initial_Sample_Weight": 12312.0, "Insect_Damaged": 121.0, "Broken": 213.0, "Mould": 123.0, "Final_Sample_Weight": "11855.00", "READING_1": "12", "READING_2": "12", "READING_3": "32", "AVERAGE": "18.66", "DECISION": "Null", "Comments": "dfsdfsdfsdfsdfsdfsdf", "TEST_PERFORMED_BY": "John Doe", "SIGNED_BY": "John Doe", "DATE_OF_REPORT": "2023-06-02", "SIGNED_BY_QUALITY_ASSURANCE_OFFICER": "John Doe", "DATE": "2023-06-02"}}, {"model": "gcna_data.dried_moisture_analysis_b", "pk": 4, "fields": {"Worker_ID_No": null, "Nutmeg_ID_No": "2131231", "DATE_OF_SAMPLING": "2023-06-21", "STATION": "Test", "BATCH_CODE": 3, "Total_Quantity_of_Bags_in_Non_Compliance": 0, "Total_Weight_of_Nutmeg_in_Non_Compliance": 0, "Additional_Drying_Period": "null", "Initial_Sample_Weight": 0.0, "Insect_Damaged": 0.0, "Broken": 0.0, "Mould": 0.0, "Final_Sample_Weight": "0.00", "READING_1": "23", "READING_2": "23", "READING_3": "23", "AVERAGE": "0.00", "DECISION": "Null", "Comments": "sasdasddfsdfsdf", "TEST_PERFORMED_BY": "John Doe3", "SIGNED_BY": "John Doe3", "DATE_OF_REPORT": "2023-06-21", "SIGNED_BY_QUALITY_ASSURANCE_OFFICER": "fdasfgdsfgdfgdsfgdfgdfgdfg", "DATE": "2023-06-21"}}, {"model": "gcna_data.floated_moisture_analysis_a", "pk": 2, "fields": {"Worker_ID_No": null, "Nutmeg_ID_No": "2131231", "DATE_OF_SAMPLING_H": "2023-06-01", "DATE_OF_SAMPLING_L": "2023-06-01", "STATION": "Test Station4", "Quantity_of_Sample_H": 2, "Total_Weight_H": 12.0, "Initial_Sample_Weight_H": "123.00", "Quantity_of_Sample_L": 1, "Total_Weight_L": 12.0, "Initial_Sample_Weight_L": "123.00", "Insect_Damaged_H": 12.0, "Broken_H": 21.0, "Mould_H": 31.0, "Final_Sample_Weight_H": "59.00", "Insect_Damaged_L": 12.0, "Broken_L": 14.0, "Mould_L": 16.0, "Final_Sample_Weight_L": "81.00", "READING_1_H": 12.0, "READING_2_H": 32.0, "READING_3_H": 1.0, "AVERAGE_H": "15.00", "DECISION_H": "Null", "Comments_H": "Null", "TEST_PERFORMED_BY_H": "Null", "DATE_H": "2023-06-01", "READING_1_L": 12.0, "READING_2_L": 23.0, "READING_3_L": 12.0, "AVERAGE_L": "15.66", "DECISION_L": "Null", "Comments_L": "Null", "TEST_PERFORMED_BY_L": "Null", "DATE_L": "2023-06-01", "SIGNED_BY": "John Doe", "Station_Manager": "Null", "DATE_OF_REPORT": "2023-06-01", "SIGNED_BY_Quality_Assurance_Officer": "Null", "DATE": "2023-06-01"}}, {"model": "gcna_data.floated_moisture_analysis_b", "pk": 2, "fields": {"Worker_ID_No": null, "Nutmeg_ID_No": null, "DATE_OF_SAMPLING_H": "2023-06-01", "DATE_OF_SAMPLING_L": "2023-06-01", "STATION": "Test Station5", "Total_Quantity_of_Bags_in_Non_Compliance_H": 12, "Total_Weight_of_Nutmeg_in_Non_Compliance_H": 21.0, "Additional_Drying_Period_days_H": 0, "Total_Quantity_of_Bags_in_Non_Compliance_L": 5, "Total_Weight_of_Nutmeg_in_Non_Compliance_L": 2.0, "Additional_Drying_Period_days_L": 12, "Initial_Sample_Weight_H": 323.0, "Broken_H": 12.0, "Mould_H": 32.0, "Insect_Damaged_H": 43.0, "Final_Sample_Weight_H": 236.0, "Initial_Sample_Weight_L": 123.0, "Broken_L": 23.0, "Mould_L": 21.0, "Insect_Damaged_L": 23.0, "Final_Sample_Weight_L": 56.0, "READING_1_H": 23.0, "READING_2_H": 12.0, "READING_3_H": 32.0, "AVERAGE_H": 22.333333333333332, "DECISION_H": "Null", "Comments_H": "float", "TEST_PERFORMED_BY_H": "Null", "DATE_H": "2023-06-01", "READING_1_L": 23.0, "READING_2_L": 21.0, "READING_3_L": 23.0, "AVERAGE_L": 22.33, "DECISION_L": "Null", "Comments_L": "float", "TEST_PERFORMED_BY_L": "Null", "DATE_L": "2023-06-01", "SIGNED_BY": "34334", "Station_Manager": "Null", "DATE_OF_REPORT": "2023-06-01", "SIGNED_BY_Quality_Assurance_Officer": "Null", "DATE": "2023-06-01"}}, {"model": "gcna_data.floated_moisture_analysis_b", "pk": 3, "fields": {"Worker_ID_No": null, "Nutmeg_ID_No": "2131231", "DATE_OF_SAMPLING_H": "2023-06-01", "DATE_OF_SAMPLING_L": "2023-06-01", "STATION": "Test Station5", "Total_Quantity_of_Bags_in_Non_Compliance_H": 12, "Total_Weight_of_Nutmeg_in_Non_Compliance_H": 21.0, "Additional_Drying_Period_days_H": 0, "Total_Quantity_of_Bags_in_Non_Compliance_L": 5, "Total_Weight_of_Nutmeg_in_Non_Compliance_L": 2.0, "Additional_Drying_Period_days_L": 12, "Initial_Sample_Weight_H": 323.0, "Broken_H": 12.0, "Mould_H": 32.0, "Insect_Damaged_H": 43.0, "Final_Sample_Weight_H": 236.0, "Initial_Sample_Weight_L": 123.0, "Broken_L": 23.0, "Mould_L": 21.0, "Insect_Damaged_L": 23.0, "Final_Sample_Weight_L": 56.0, "READING_1_H": 23.0, "READING_2_H": 12.0, "READING_3_H": 32.0, "AVERAGE_H": 22.333333333333332, "DECISION_H": "Null", "Comments_H": "float", "TEST_PERFORMED_BY_H": "Null", "DATE_H": "2023-06-01", "READING_1_L": 23.0, "READING_2_L": 21.0, "READING_3_L": 23.0, "AVERAGE_L": 22.33, "DECISION_L": "Null", "Comments_L": "float", "TEST_PERFORMED_BY_L": "Null", "DATE_L": "2023-06-01", "SIGNED_BY": "John Doe", "Station_Manager": "Null", "DATE_OF_REPORT": "2023-06-01", "SIGNED_BY_Quality_Assurance_Officer": "Null", "DATE": "2023-06-01"}}, {"model": "gcna_data.quality_control", "pk": 5, "fields": {"Worker_ID_No": null, "Nutmeg_ID_No": null, "DATE_1": "2023-06-02", "STATION": "Test Station2", "BATCH_NUMBER": 3234234, "REWORK": "Proof of editing", "SAMPLE_WEIGHT": 1231.0, "ASSORTOR": "Null", "SOUNDS": 12331.0, "PINHOLES": 123123.0, "CRACKED": 123123.0, "BROKEN": 123123.0, "PIECES": 123123.0, "FOREIGN_MATTER": 12313.0, "SUPERVISOR": "Null", "COMMENTS": "null", "SIGNED_BY": "John Doe", "Station_Manager": "Null", "DATE_OF_REPORT": "2023-06-02", "SIGNED_BY_QUALITY_ASSURANCE_OFFICER": "John Doe", "DATE_2": "2023-06-02"}}, {"model": "gcna_data.quality_control", "pk": 6, "fields": {"Worker_ID_No": null, "Nutmeg_ID_No": "2131231", "DATE_1": "2023-06-30", "STATION": "Test", "BATCH_NUMBER": 21313, "REWORK": "Nullcasdasd", "SAMPLE_WEIGHT": 13123.0, "ASSORTOR": "1231231", "SOUNDS": 3123123.0, "PINHOLES": 23123123.0, "CRACKED": 123123123.0, "BROKEN": 213123123123.0, "PIECES": 12312312.0, "FOREIGN_MATTER": 312323.0, "SUPERVISOR": "Null", "COMMENTS": "sdafsdfdsaFadfasdfdsf", "SIGNED_BY": "John Doe", "Station_Manager": "Null", "DATE_OF_REPORT": "2023-06-02", "SIGNED_BY_QUALITY_ASSURANCE_OFFICER": "John Doe", "DATE_2": "2023-06-02"}}, {"model": "gcna_data.worker_info", "pk": 1, "fields": {"Worker_ID_No": "0120"}}, {"model": "gcna_data.editors", "pk": 1, "fields": {"editor_name": "aada", "num_users": 213}}, {"model": "gcna_data.editors", "pk": 2, "fields": {"editor_name": "as", "num_users": 32}}, {"model": "gcna_data.editors", "pk": 3, "fields": {"editor_name": "casda", "num_users": 21}}, {"model": "gcna_data.farmer_info", "pk": 1, "fields": {"Worker_ID_No": null, "Nutmeg_ID_No": "2131231", "name": "Test133``2`", "age": "A", "parish": "test2", "village": "test", "latitude": "12.050793", "longitude": "-61.735655", "acreage": "adsd", "insurance_zone": "sadasd", "home_phone": "12312", "mobile_phone": "123123", "email": "test2@gmail.com"}}, {"model": "gcna_data.farmer_info", "pk": 2, "fields": {"Worker_ID_No": "120", "Nutmeg_ID_No": "32141", "name": "Test", "age": "C", "parish": "test2", "village": "test", "latitude": "12.058624", "longitude": "-61.728358", "acreage": "adsd", "insurance_zone": "sadasd", "home_phone": "12312", "mobile_phone": "123123", "email": "test222@gmail.com"}}, {"model": "gcna_data.farmer_info", "pk": 4, "fields": {"Worker_ID_No": "0120", "Nutmeg_ID_No": "3214", "name": "JoJo", "age": "A", "parish": "St.George", "village": "Vendomme", "latitude": "12.124160", "longitude": "-61.620224", "acreage": "23", "insurance_zone": "sdasd", "home_phone": "sdasdasdasd", "mobile_phone": "2311231232", "email": "test3@gmail.com"}}, {"model": "gcna_data.land_info", "pk": 1, "fields": {"Worker_ID_No": null, "Nutmeg_ID_No": "3214", "land_elevation": "Middle Belt", "soil_type": "Stilt Soil", "rainfall_pattern": "Occasional"}}, {"model": "gcna_data.land_info", "pk": 2, "fields": {"Worker_ID_No": null, "Nutmeg_ID_No": "2131231", "land_elevation": "Low Belt", "soil_type": "Clay Soil", "rainfall_pattern": "Persistent"}}, {"model": "gcna_data.land_tenur", "pk": 1, "fields": {"Worker_ID_No": "0120", "Nutmeg_ID_No": "3214", "Owner_Legal_Title": "gsdfsdfsdf", "Freehold": "sdfsdfsdf", "Family": "sdfsdfsdf", "Leashold": "sdfsdfsdfsdfsdf", "Leashold_comment": "fsdfsdgfgdfgdfg", "Caretaker": "dfgdfgdfgdfg", "Agent": "dfgdfgdfgdfgdfgdf", "No_Legal_Title": "gdfgdfgdfgdfgdf", "Status": "gdfgdfgdfgdfgdfg"}}, {"model": "gcna_data.nutmeg_trees", "pk": 1, "fields": {"Worker_ID_No": null, "Nutmeg_ID_No": "3214", "Mature_trees_25_years_quantity": 212, "Mature_trees_25_years_estimated_production": 32, "Bearing_trees_16_24_years_quantity": 12, "Bearing_trees_16_24_years": 23, "Bearing_trees_6_15_years_quantity": 12, "Bearing_trees_6_15_years_estimated_production": 21, "Non_Bearing_trees_5_years_quantity": 32, "Non_Bearing_trees_5_years_estimated_production": 12, "Estimated_peak_period": 132}}, {"model": "gcna_data.nutmeg_variety", "pk": 1, "fields": {"Worker_ID_No": null, "Nutmeg_ID_No": "3214", "Banda": "yes", "Papua": "No", "Malayan_Indonesia": "Yes", "dominant_Variety": "Banda"}}, {"model": "gcna_data.other_crops", "pk": 2, "fields": {"Worker_ID_No": null, "Nutmeg_ID_No": "3214", "other_crops": [1, 4, 5, 6, 7, 8, 10]}}, {"model": "gcna_data.other_crops", "pk": 6, "fields": {"Worker_ID_No": "0120", "Nutmeg_ID_No": "2131231", "other_crops": [1, 4, 5, 12, 14]}}, {"model": "gcna_data.coconut_trees", "pk": 1, "fields": {"Worker_ID_No": null, "Nutmeg_ID_No": "3214", "End_Use_Atlantic_Tall": "oil", "End_Use_Dwarf": "oil", "No_of_Bearing_Trees_Atlantic_Tall": 23, "No_of_Bearing_Trees_Dwarf": 11, "Estimated_Productiom_Atlantic_Tall": 21, "Estimated_Productiom_Dwarf": 31, "No_of_Non_Bearing_Trees_Atlantic_Tall": 5, "No_of_Non_Bearing_Trees_Dwarf": 6, "Presence_of_Disease_Atlantic_Tall": "fa", "Presence_of_Disease_Dwarf": "asd", "Cultivation_Atlantic_Tall": "asdas", "Cultivation_Dwarf": "asdas"}}, {"model": "gcna_data.citrus_mango_trees", "pk": 1, "fields": {"Worker_ID_No": null, "Nutmeg_ID_No": "3214", "No_of_Bearing_Trees_Lime": 3, "No_of_Bearing_Trees_Lemon": 2, "No_of_Bearing_Trees_Mangoes": 4, "Estimated_Productiom_Lime": 4, "Estimated_Productiom_Lemon": 23, "Estimated_Productiom_Mangoes": 12, "No_of_Non_Bearing_Trees_Lime": 20, "No_of_Non_Bearing_Trees_Lemon": 12, "No_of_Non_Bearing_Trees_Mangoes": 1, "Presence_of_Disease_Lime": "dqwdq", "Presence_of_Disease_Lemon": "qwdqwd", "Presence_of_Disease_Mangoes": "qwdqwd", "Cultivation_Lime": "wdqwd", "Cultivation_Lemon": "cccccc", "Cultivation_Mangoes": "qwdqwd"}}, {"model": "gcna_data.food_safety_and_quality", "pk": 1, "fields": {"Worker_ID_No": null, "Nutmeg_ID_No": "342142dasdd", "Fertilizer": "N", "Fertilizer_cont": "fadasda", "Last_application": "sdasdasdasd", "Picture": "images/Screenshot_87.png", "Raw_Manure": "Y", "Raw_Manure_cont": "dawdasdasd", "Composed_manure": "Y", "Other": "sgfesfadfasf"}}, {"model": "gcna_data.in_house_drying", "pk": 6, "fields": {"Nutmeg_ID_No": "2131231", "STATION": "M", "DATE_OF_PURCHASE": "2023-07-07", "TOTAL_NUM_OF_FARMERS": 0, "TOTAL_LBS_NUTMEG_BOUGHT": 0, "NUM_OF_BAGS": 0, "START_DRYING_DATE": "2023-07-07", "APPROX_END_DRYING_DATE": "2023-07-21", "END_DRYING_DATE": "2023-07-07", "ShelfG": null, "TrayG": null, "SectionG": null, "Section": null, "Shelf": null, "Tray": null, "SectionM": null, "ShelfG_GF": null, "TrayG_GF": null, "SectionG_GF": null, "ShelfG_1F": null, "TrayG_1F": null, "SectionG_1F": null, "ShelfG_2F": null, "TrayG_2F": null, "SectionG_2F": null, "ShelfG_FL": null, "TrayG_FL": null, "SectionG_FL": null, "ShelfH_GF": null, "TrayH_GF": null, "SectionH_GF": null, "ShelfH_1F": null, "TrayH_1F": null, "SectionH_1F": null, "ShelfH_2F": null, "TrayH_2F": null, "SectionH_2F": null, "ShelfH_FL": null, "TrayH_FL": null, "SectionH_FL": null, "ShelfM_GF": null, "TrayM_GF": null, "SectionM_GF": null, "ShelfM_1F": null, "TrayM_1F": null, "SectionM_1F": null, "ShelfM_2F": null, "TrayM_2F": null, "SectionM_2F": null, "ShelfM_FL": null, "TrayM_FL": null, "SectionM_FL": null, "ShelfU_GF": null, "TrayU_GF": null, "SectionU_GF": null, "ShelfU_1F": null, "TrayU_1F": null, "SectionU_1F": null, "ShelfU_2F": null, "TrayU_2F": null, "SectionU_2F": null, "ShelfU_FL": null, "TrayU_FL": null, "SectionU_FL": null, "ShelfGP_GF": null, "TrayGP_GF": null, "SectionGP_GF": null, "ShelfGP_1F": null, "TrayGP_1F": null, "SectionGP_1F": null, "ShelfGP_2F": null, "TrayGP_2F": null, "SectionGP_2F": null, "ShelfGP_FL": null, "TrayGP_FL": null, "SectionGP_FL": null, "ShelfG_0_GF": null, "TrayG_0_GF": null, "SectionG_0_GF": null, "ShelfG_0_1F": null, "TrayG_0_1F": null, "SectionG_0_1F": null, "ShelfG_0_2F": null, "TrayG_0_2F": null, "SectionG_0_2F": null, "ShelfG_0_FL": null, "TrayG_0_FL": null, "SectionG_0_FL": null, "ShelfH_0_GF": null, "TrayH_0_GF": null, "SectionH_0_GF": null, "ShelfH_0_1F": null, "TrayH_0_1F": null, "SectionH_0_1F": null, "ShelfH_0_2F": null, "TrayH_0_2F": null, "SectionH_0_2F": null, "ShelfH_0_FL": null, "TrayH_0_FL": null, "SectionH_0_FL": null, "ShelfM_0_GF": null, "TrayM_0_GF": null, "SectionM_0_GF": null, "ShelfM_0_1F": null, "TrayM_0_1F": null, "SectionM_0_1F": null, "ShelfM_0_2F": null, "TrayM_0_2F": null, "SectionM_0_2F": null, "ShelfM_0_FL": null, "TrayM_0_FL": null, "SectionM_0_FL": null, "ShelfU_0_GF": null, "TrayU_0_GF": null, "SectionU_0_GF": null, "ShelfU_0_1F": null, "TrayU_0_1F": null, "SectionU_0_1F": null, "ShelfU_0_2F": null, "TrayU_0_2F": null, "SectionU_0_2F": null, "ShelfU_0_FL": null, "TrayU_0_FL": null, "SectionU_0_FL": null, "ShelfGP_0_GF": null, "TrayGP_0_GF": null, "SectionGP_0_GF": null, "ShelfGP_0_1F": null, "TrayGP_0_1F": null, "SectionGP_0_1F": null, "ShelfGP_0_2F": null, "TrayGP_0_2F": null, "SectionGP_0_2F": null, "ShelfGP_0_FL": null, "TrayGP_0_FL": null, "SectionGP_0_FL": null, "LOCATION3": "1st Floor", "DEFECT": "Lights", "PREDOMINANT_DEFECT": "Cracked", "ALERT": "asda", "STATION2": null, "Sampling_from_gouyvae": "Test", "Control_number": "asdasda"}}, {"model": "gcna_data.in_house_drying", "pk": 7, "fields": {"Nutmeg_ID_No": "213123100", "STATION": "H", "DATE_OF_PURCHASE": "2023-06-29", "TOTAL_NUM_OF_FARMERS": 0, "TOTAL_LBS_NUTMEG_BOUGHT": 0, "NUM_OF_BAGS": 0, "START_DRYING_DATE": "2023-07-06", "APPROX_END_DRYING_DATE": "2023-07-20", "END_DRYING_DATE": "2023-07-03", "ShelfG": null, "TrayG": null, "SectionG": null, "Section": null, "Shelf": null, "Tray": null, "SectionM": null, "ShelfG_GF": null, "TrayG_GF": null, "SectionG_GF": null, "ShelfG_1F": null, "TrayG_1F": null, "SectionG_1F": null, "ShelfG_2F": null, "TrayG_2F": null, "SectionG_2F": null, "ShelfG_FL": null, "TrayG_FL": null, "SectionG_FL": null, "ShelfH_GF": null, "TrayH_GF": null, "SectionH_GF": null, "ShelfH_1F": null, "TrayH_1F": null, "SectionH_1F": null, "ShelfH_2F": null, "TrayH_2F": null, "SectionH_2F": null, "ShelfH_FL": null, "TrayH_FL": null, "SectionH_FL": null, "ShelfM_GF": null, "TrayM_GF": null, "SectionM_GF": null, "ShelfM_1F": null, "TrayM_1F": null, "SectionM_1F": null, "ShelfM_2F": null, "TrayM_2F": null, "SectionM_2F": null, "ShelfM_FL": null, "TrayM_FL": null, "SectionM_FL": null, "ShelfU_GF": null, "TrayU_GF": null, "SectionU_GF": null, "ShelfU_1F": null, "TrayU_1F": null, "SectionU_1F": null, "ShelfU_2F": null, "TrayU_2F": null, "SectionU_2F": null, "ShelfU_FL": null, "TrayU_FL": null, "SectionU_FL": null, "ShelfGP_GF": null, "TrayGP_GF": null, "SectionGP_GF": null, "ShelfGP_1F": null, "TrayGP_1F": null, "SectionGP_1F": null, "ShelfGP_2F": null, "TrayGP_2F": null, "SectionGP_2F": null, "ShelfGP_FL": null, "TrayGP_FL": null, "SectionGP_FL": null, "ShelfG_0_GF": null, "TrayG_0_GF": null, "SectionG_0_GF": null, "ShelfG_0_1F": null, "TrayG_0_1F": null, "SectionG_0_1F": null, "ShelfG_0_2F": null, "TrayG_0_2F": null, "SectionG_0_2F": null, "ShelfG_0_FL": null, "TrayG_0_FL": null, "SectionG_0_FL": null, "ShelfH_0_GF": null, "TrayH_0_GF": null, "SectionH_0_GF": null, "ShelfH_0_1F": null, "TrayH_0_1F": null, "SectionH_0_1F": null, "ShelfH_0_2F": null, "TrayH_0_2F": null, "SectionH_0_2F": null, "ShelfH_0_FL": null, "TrayH_0_FL": null, "SectionH_0_FL": null, "ShelfM_0_GF": null, "TrayM_0_GF": null, "SectionM_0_GF": null, "ShelfM_0_1F": null, "TrayM_0_1F": null, "SectionM_0_1F": null, "ShelfM_0_2F": null, "TrayM_0_2F": null, "SectionM_0_2F": null, "ShelfM_0_FL": null, "TrayM_0_FL": null, "SectionM_0_FL": null, "ShelfU_0_GF": null, "TrayU_0_GF": null, "SectionU_0_GF": null, "ShelfU_0_1F": null, "TrayU_0_1F": null, "SectionU_0_1F": null, "ShelfU_0_2F": null, "TrayU_0_2F": null, "SectionU_0_2F": null, "ShelfU_0_FL": null, "TrayU_0_FL": null, "SectionU_0_FL": null, "ShelfGP_0_GF": null, "TrayGP_0_GF": null, "SectionGP_0_GF": null, "ShelfGP_0_1F": null, "TrayGP_0_1F": null, "SectionGP_0_1F": null, "ShelfGP_0_2F": null, "TrayGP_0_2F": null, "SectionGP_0_2F": null, "ShelfGP_0_FL": null, "TrayGP_0_FL": null, "SectionGP_0_FL": null, "LOCATION3": "2nd Floor", "DEFECT": "Cracked", "PREDOMINANT_DEFECT": "Mould", "ALERT": "asda", "STATION2": null, "Sampling_from_gouyvae": "Test", "Control_number": "21313123123"}}, {"model": "gcna_data.in_house_drying", "pk": 9, "fields": {"Nutmeg_ID_No": null, "STATION": "H", "DATE_OF_PURCHASE": "2023-08-03", "TOTAL_NUM_OF_FARMERS": 123, "TOTAL_LBS_NUTMEG_BOUGHT": 1320, "NUM_OF_BAGS": 12, "START_DRYING_DATE": "2023-07-27", "APPROX_END_DRYING_DATE": "2023-08-10", "END_DRYING_DATE": "2023-07-24", "ShelfG": null, "TrayG": null, "SectionG": null, "Section": null, "Shelf": null, "Tray": null, "SectionM": null, "ShelfG_GF": null, "TrayG_GF": null, "SectionG_GF": null, "ShelfG_1F": null, "TrayG_1F": null, "SectionG_1F": null, "ShelfG_2F": null, "TrayG_2F": null, "SectionG_2F": null, "ShelfG_FL": null, "TrayG_FL": null, "SectionG_FL": null, "ShelfH_GF": "D", "TrayH_GF": "4", "SectionH_GF": "4", "ShelfH_1F": null, "TrayH_1F": null, "SectionH_1F": null, "ShelfH_2F": null, "TrayH_2F": null, "SectionH_2F": null, "ShelfH_FL": null, "TrayH_FL": null, "SectionH_FL": null, "ShelfM_GF": null, "TrayM_GF": null, "SectionM_GF": null, "ShelfM_1F": null, "TrayM_1F": null, "SectionM_1F": null, "ShelfM_2F": null, "TrayM_2F": null, "SectionM_2F": null, "ShelfM_FL": null, "TrayM_FL": null, "SectionM_FL": null, "ShelfU_GF": null, "TrayU_GF": null, "SectionU_GF": null, "ShelfU_1F": null, "TrayU_1F": null, "SectionU_1F": null, "ShelfU_2F": null, "TrayU_2F": null, "SectionU_2F": null, "ShelfU_FL": null, "TrayU_FL": null, "SectionU_FL": null, "ShelfGP_GF": null, "TrayGP_GF": null, "SectionGP_GF": null, "ShelfGP_1F": null, "TrayGP_1F": null, "SectionGP_1F": null, "ShelfGP_2F": null, "TrayGP_2F": null, "SectionGP_2F": null, "ShelfGP_FL": null, "TrayGP_FL": null, "SectionGP_FL": null, "ShelfG_0_GF": null, "TrayG_0_GF": null, "SectionG_0_GF": null, "ShelfG_0_1F": null, "TrayG_0_1F": null, "SectionG_0_1F": null, "ShelfG_0_2F": null, "TrayG_0_2F": null, "SectionG_0_2F": null, "ShelfG_0_FL": null, "TrayG_0_FL": null, "SectionG_0_FL": null, "ShelfH_0_GF": null, "TrayH_0_GF": null, "SectionH_0_GF": null, "ShelfH_0_1F": null, "TrayH_0_1F": null, "SectionH_0_1F": null, "ShelfH_0_2F": null, "TrayH_0_2F": null, "SectionH_0_2F": null, "ShelfH_0_FL": null, "TrayH_0_FL": null, "SectionH_0_FL": null, "ShelfM_0_GF": null, "TrayM_0_GF": null, "SectionM_0_GF": null, "ShelfM_0_1F": null, "TrayM_0_1F": null, "SectionM_0_1F": null, "ShelfM_0_2F": null, "TrayM_0_2F": null, "SectionM_0_2F": null, "ShelfM_0_FL": null, "TrayM_0_FL": null, "SectionM_0_FL": null, "ShelfU_0_GF": null, "TrayU_0_GF": null, "SectionU_0_GF": null, "ShelfU_0_1F": null, "TrayU_0_1F": null, "SectionU_0_1F": null, "ShelfU_0_2F": null, "TrayU_0_2F": null, "SectionU_0_2F": null, "ShelfU_0_FL": null, "TrayU_0_FL": null, "SectionU_0_FL": null, "ShelfGP_0_GF": null, "TrayGP_0_GF": null, "SectionGP_0_GF": null, "ShelfGP_0_1F": null, "TrayGP_0_1F": null, "SectionGP_0_1F": null, "ShelfGP_0_2F": null, "TrayGP_0_2F": null, "SectionGP_0_2F": null, "ShelfGP_0_FL": null, "TrayGP_0_FL": null, "SectionGP_0_FL": null, "LOCATION3": "1st Floor", "DEFECT": "Lights", "PREDOMINANT_DEFECT": "Lights", "ALERT": "N", "STATION2": "Hermitage", "Sampling_from_gouyvae": "wdfsdfs", "Control_number": "2"}}, {"model": "gcna_data.in_house_drying", "pk": 10, "fields": {"Nutmeg_ID_No": null, "STATION": "G", "DATE_OF_PURCHASE": "2023-07-18", "TOTAL_NUM_OF_FARMERS": 12, "TOTAL_LBS_NUTMEG_BOUGHT": 1320, "NUM_OF_BAGS": 12, "START_DRYING_DATE": "2023-07-08", "APPROX_END_DRYING_DATE": "2023-07-22", "END_DRYING_DATE": "2023-07-11", "ShelfG": null, "TrayG": null, "SectionG": null, "Section": null, "Shelf": null, "Tray": null, "SectionM": null, "ShelfG_GF": null, "TrayG_GF": null, "SectionG_GF": null, "ShelfG_1F": null, "TrayG_1F": null, "SectionG_1F": null, "ShelfG_2F": null, "TrayG_2F": null, "SectionG_2F": null, "ShelfG_FL": null, "TrayG_FL": null, "SectionG_FL": null, "ShelfH_GF": null, "TrayH_GF": null, "SectionH_GF": null, "ShelfH_1F": null, "TrayH_1F": null, "SectionH_1F": null, "ShelfH_2F": null, "TrayH_2F": null, "SectionH_2F": null, "ShelfH_FL": null, "TrayH_FL": null, "SectionH_FL": null, "ShelfM_GF": null, "TrayM_GF": null, "SectionM_GF": null, "ShelfM_1F": null, "TrayM_1F": null, "SectionM_1F": null, "ShelfM_2F": null, "TrayM_2F": null, "SectionM_2F": null, "ShelfM_FL": null, "TrayM_FL": null, "SectionM_FL": null, "ShelfU_GF": null, "TrayU_GF": null, "SectionU_GF": null, "ShelfU_1F": null, "TrayU_1F": null, "SectionU_1F": null, "ShelfU_2F": null, "TrayU_2F": null, "SectionU_2F": null, "ShelfU_FL": null, "TrayU_FL": null, "SectionU_FL": null, "ShelfGP_GF": null, "TrayGP_GF": null, "SectionGP_GF": null, "ShelfGP_1F": null, "TrayGP_1F": null, "SectionGP_1F": null, "ShelfGP_2F": null, "TrayGP_2F": null, "SectionGP_2F": null, "ShelfGP_FL": null, "TrayGP_FL": null, "SectionGP_FL": null, "ShelfG_0_GF": null, "TrayG_0_GF": null, "SectionG_0_GF": null, "ShelfG_0_1F": null, "TrayG_0_1F": null, "SectionG_0_1F": null, "ShelfG_0_2F": null, "TrayG_0_2F": null, "SectionG_0_2F": null, "ShelfG_0_FL": null, "TrayG_0_FL": null, "SectionG_0_FL": null, "ShelfH_0_GF": null, "TrayH_0_GF": null, "SectionH_0_GF": null, "ShelfH_0_1F": null, "TrayH_0_1F": null, "SectionH_0_1F": null, "ShelfH_0_2F": null, "TrayH_0_2F": null, "SectionH_0_2F": null, "ShelfH_0_FL": null, "TrayH_0_FL": null, "SectionH_0_FL": null, "ShelfM_0_GF": null, "TrayM_0_GF": null, "SectionM_0_GF": null, "ShelfM_0_1F": null, "TrayM_0_1F": null, "SectionM_0_1F": null, "ShelfM_0_2F": null, "TrayM_0_2F": null, "SectionM_0_2F": null, "ShelfM_0_FL": null, "TrayM_0_FL": null, "SectionM_0_FL": null, "ShelfU_0_GF": null, "TrayU_0_GF": null, "SectionU_0_GF": null, "ShelfU_0_1F": null, "TrayU_0_1F": null, "SectionU_0_1F": null, "ShelfU_0_2F": null, "TrayU_0_2F": null, "SectionU_0_2F": null, "ShelfU_0_FL": null, "TrayU_0_FL": null, "SectionU_0_FL": null, "ShelfGP_0_GF": null, "TrayGP_0_GF": null, "SectionGP_0_GF": null, "ShelfGP_0_1F": null, "TrayGP_0_1F": null, "SectionGP_0_1F": null, "ShelfGP_0_2F": null, "TrayGP_0_2F": null, "SectionGP_0_2F": null, "ShelfGP_0_FL": null, "TrayGP_0_FL": null, "SectionGP_0_FL": null, "LOCATION3": "1st Floor", "DEFECT": "Cracked", "PREDOMINANT_DEFECT": "Grow Heads", "ALERT": "N", "STATION2": "Grenville", "Sampling_from_gouyvae": "wdfsdfs", "Control_number": "3123"}}, {"model": "gcna_data.in_house_drying", "pk": 11, "fields": {"Nutmeg_ID_No": null, "STATION": "G", "DATE_OF_PURCHASE": "2023-06-29", "TOTAL_NUM_OF_FARMERS": 12, "TOTAL_LBS_NUTMEG_BOUGHT": 1320, "NUM_OF_BAGS": 12, "START_DRYING_DATE": "2023-07-15", "APPROX_END_DRYING_DATE": "2023-07-18", "END_DRYING_DATE": "2023-07-17", "ShelfG": null, "TrayG": null, "SectionG": null, "Section": null, "Shelf": null, "Tray": null, "SectionM": null, "ShelfG_GF": "C", "TrayG_GF": "3", "SectionG_GF": "3", "ShelfG_1F": "G", "TrayG_1F": "6", "SectionG_1F": "3", "ShelfG_2F": "D", "TrayG_2F": "3", "SectionG_2F": "3", "ShelfG_FL": "H", "TrayG_FL": "5", "SectionG_FL": "3", "ShelfH_GF": null, "TrayH_GF": null, "SectionH_GF": null, "ShelfH_1F": null, "TrayH_1F": null, "SectionH_1F": null, "ShelfH_2F": null, "TrayH_2F": null, "SectionH_2F": null, "ShelfH_FL": null, "TrayH_FL": null, "SectionH_FL": null, "ShelfM_GF": null, "TrayM_GF": null, "SectionM_GF": null, "ShelfM_1F": null, "TrayM_1F": null, "SectionM_1F": null, "ShelfM_2F": null, "TrayM_2F": null, "SectionM_2F": null, "ShelfM_FL": null, "TrayM_FL": null, "SectionM_FL": null, "ShelfU_GF": null, "TrayU_GF": null, "SectionU_GF": null, "ShelfU_1F": null, "TrayU_1F": null, "SectionU_1F": null, "ShelfU_2F": null, "TrayU_2F": null, "SectionU_2F": null, "ShelfU_FL": null, "TrayU_FL": null, "SectionU_FL": null, "ShelfGP_GF": null, "TrayGP_GF": null, "SectionGP_GF": null, "ShelfGP_1F": null, "TrayGP_1F": null, "SectionGP_1F": null, "ShelfGP_2F": null, "TrayGP_2F": null, "SectionGP_2F": null, "ShelfGP_FL": null, "TrayGP_FL": null, "SectionGP_FL": null, "ShelfG_0_GF": "G", "TrayG_0_GF": "6", "SectionG_0_GF": "1", "ShelfG_0_1F": "F", "TrayG_0_1F": "5", "SectionG_0_1F": "3", "ShelfG_0_2F": "D", "TrayG_0_2F": "4", "SectionG_0_2F": "4", "ShelfG_0_FL": "G", "TrayG_0_FL": "7", "SectionG_0_FL": "4", "ShelfH_0_GF": null, "TrayH_0_GF": null, "SectionH_0_GF": null, "ShelfH_0_1F": null, "TrayH_0_1F": null, "SectionH_0_1F": null, "ShelfH_0_2F": null, "TrayH_0_2F": null, "SectionH_0_2F": null, "ShelfH_0_FL": null, "TrayH_0_FL": null, "SectionH_0_FL": null, "ShelfM_0_GF": null, "TrayM_0_GF": null, "SectionM_0_GF": null, "ShelfM_0_1F": null, "TrayM_0_1F": null, "SectionM_0_1F": null, "ShelfM_0_2F": null, "TrayM_0_2F": null, "SectionM_0_2F": null, "ShelfM_0_FL": null, "TrayM_0_FL": null, "SectionM_0_FL": null, "ShelfU_0_GF": null, "TrayU_0_GF": null, "SectionU_0_GF": null, "ShelfU_0_1F": null, "TrayU_0_1F": null, "SectionU_0_1F": null, "ShelfU_0_2F": null, "TrayU_0_2F": null, "SectionU_0_2F": null, "ShelfU_0_FL": null, "TrayU_0_FL": null, "SectionU_0_FL": null, "ShelfGP_0_GF": null, "TrayGP_0_GF": null, "SectionGP_0_GF": null, "ShelfGP_0_1F": null, "TrayGP_0_1F": null, "SectionGP_0_1F": null, "ShelfGP_0_2F": null, "TrayGP_0_2F": null, "SectionGP_0_2F": null, "ShelfGP_0_FL": null, "TrayGP_0_FL": null, "SectionGP_0_FL": null, "LOCATION3": "1st Floor", "DEFECT": "Grow Heads", "PREDOMINANT_DEFECT": "Grow Heads", "ALERT": "Y", "STATION2": "Grenville", "Sampling_from_gouyvae": "Test", "Control_number": "000000"}}, {"model": "gcna_data.in_house_drying", "pk": 12, "fields": {"Nutmeg_ID_No": "3214", "STATION": "M", "DATE_OF_PURCHASE": "2023-07-20", "TOTAL_NUM_OF_FARMERS": 12, "TOTAL_LBS_NUTMEG_BOUGHT": 1320, "NUM_OF_BAGS": 12, "START_DRYING_DATE": "2023-07-14", "APPROX_END_DRYING_DATE": "2023-08-24", "END_DRYING_DATE": "2023-07-28", "ShelfG": null, "TrayG": null, "SectionG": null, "Section": null, "Shelf": null, "Tray": null, "SectionM": null, "ShelfG_GF": null, "TrayG_GF": null, "SectionG_GF": null, "ShelfG_1F": null, "TrayG_1F": null, "SectionG_1F": null, "ShelfG_2F": null, "TrayG_2F": null, "SectionG_2F": null, "ShelfG_FL": null, "TrayG_FL": null, "SectionG_FL": null, "ShelfH_GF": null, "TrayH_GF": null, "SectionH_GF": null, "ShelfH_1F": null, "TrayH_1F": null, "SectionH_1F": null, "ShelfH_2F": null, "TrayH_2F": null, "SectionH_2F": null, "ShelfH_FL": null, "TrayH_FL": null, "SectionH_FL": null, "ShelfM_GF": "D", "TrayM_GF": "6", "SectionM_GF": "1", "ShelfM_1F": "B", "TrayM_1F": "1", "SectionM_1F": "1", "ShelfM_2F": "E", "TrayM_2F": "2", "SectionM_2F": "2", "ShelfM_FL": "F", "TrayM_FL": "1", "SectionM_FL": "3", "ShelfU_GF": null, "TrayU_GF": null, "SectionU_GF": null, "ShelfU_1F": null, "TrayU_1F": null, "SectionU_1F": null, "ShelfU_2F": null, "TrayU_2F": null, "SectionU_2F": null, "ShelfU_FL": null, "TrayU_FL": null, "SectionU_FL": null, "ShelfGP_GF": null, "TrayGP_GF": null, "SectionGP_GF": null, "ShelfGP_1F": null, "TrayGP_1F": null, "SectionGP_1F": null, "ShelfGP_2F": null, "TrayGP_2F": null, "SectionGP_2F": null, "ShelfGP_FL": null, "TrayGP_FL": null, "SectionGP_FL": null, "ShelfG_0_GF": null, "TrayG_0_GF": null, "SectionG_0_GF": null, "ShelfG_0_1F": null, "TrayG_0_1F": null, "SectionG_0_1F": null, "ShelfG_0_2F": null, "TrayG_0_2F": null, "SectionG_0_2F": null, "ShelfG_0_FL": null, "TrayG_0_FL": null, "SectionG_0_FL": null, "ShelfH_0_GF": null, "TrayH_0_GF": null, "SectionH_0_GF": null, "ShelfH_0_1F": null, "TrayH_0_1F": null, "SectionH_0_1F": null, "ShelfH_0_2F": null, "TrayH_0_2F": null, "SectionH_0_2F": null, "ShelfH_0_FL": null, "TrayH_0_FL": null, "SectionH_0_FL": null, "ShelfM_0_GF": "B", "TrayM_0_GF": "4", "SectionM_0_GF": null, "ShelfM_0_1F": "F", "TrayM_0_1F": "2", "SectionM_0_1F": "4", "ShelfM_0_2F": "A", "TrayM_0_2F": "2", "SectionM_0_2F": "2", "ShelfM_0_FL": "B", "TrayM_0_FL": "3", "SectionM_0_FL": "2", "ShelfU_0_GF": null, "TrayU_0_GF": null, "SectionU_0_GF": null, "ShelfU_0_1F": null, "TrayU_0_1F": null, "SectionU_0_1F": null, "ShelfU_0_2F": null, "TrayU_0_2F": null, "SectionU_0_2F": null, "ShelfU_0_FL": null, "TrayU_0_FL": null, "SectionU_0_FL": null, "ShelfGP_0_GF": null, "TrayGP_0_GF": null, "SectionGP_0_GF": null, "ShelfGP_0_1F": null, "TrayGP_0_1F": null, "SectionGP_0_1F": null, "ShelfGP_0_2F": null, "TrayGP_0_2F": null, "SectionGP_0_2F": null, "ShelfGP_0_FL": null, "TrayGP_0_FL": null, "SectionGP_0_FL": null, "LOCATION3": "Ground Floor", "DEFECT": "Grow Heads", "PREDOMINANT_DEFECT": "Grow Heads", "ALERT": "N", "STATION2": "Marli", "Sampling_from_gouyvae": "Test", "Control_number": "21313123123"}}, {"model": "gcna_data.dispatch_of_dried_nutmeg", "pk": 1, "fields": {"Nutmeg_ID_No": null, "STATION": "M", "DATE_OF_PICK_UP": "2023-07-21", "FINAL_MOISTURE_CONTENT": 0, "Shelf_Ground_1": null, "Tray_Ground_1": null, "Section_Ground_1": null, "Shelf_Floor_1st_1": null, "Tray_Floor_1st_1": null, "Section_Floor_1st_1": null, "Shelf_Floor_2nd_1": null, "Tray_Floor_2nd_1": null, "Section_Floor_2nd_1": null, "Shelf_Floor_Loft_1": null, "Tray_Floor_Loft_1": null, "Section_Floor_Loft_1": null, "Shelf_Ground_2": null, "Tray_Ground_2": null, "Section_Ground_2": null, "Shelf_Floor_1st_2": null, "Tray_Floor_1st_2": null, "Section_Floor_1st_2": null, "Shelf_Floor_2nd_2": null, "Tray_Floor_2nd_2": null, "Section_Floor_2nd_2": null, "Shelf_Floor_Loft_2": null, "Tray_Floor_Loft_2": null, "Section_Floor_Loft_2": null, "BATCH_NUMBER": "M20230720", "CORRESPONDING_DELIVERY_ADVICE": "Test", "Control_number": 41312312}}, {"model": "gcna_data.dispatch_of_dried_nutmeg", "pk": 2, "fields": {"Nutmeg_ID_No": "2131231", "STATION": "GP", "DATE_OF_PICK_UP": "2023-07-13", "FINAL_MOISTURE_CONTENT": 4, "Shelf_Ground_1": null, "Tray_Ground_1": null, "Section_Ground_1": null, "Shelf_Floor_1st_1": null, "Tray_Floor_1st_1": null, "Section_Floor_1st_1": null, "Shelf_Floor_2nd_1": null, "Tray_Floor_2nd_1": null, "Section_Floor_2nd_1": null, "Shelf_Floor_Loft_1": null, "Tray_Floor_Loft_1": null, "Section_Floor_Loft_1": null, "Shelf_Ground_2": null, "Tray_Ground_2": null, "Section_Ground_2": null, "Shelf_Floor_1st_2": null, "Tray_Floor_1st_2": null, "Section_Floor_1st_2": null, "Shelf_Floor_2nd_2": null, "Tray_Floor_2nd_2": null, "Section_Floor_2nd_2": null, "Shelf_Floor_Loft_2": null, "Tray_Floor_Loft_2": null, "Section_Floor_Loft_2": null, "BATCH_NUMBER": "GP20230712", "CORRESPONDING_DELIVERY_ADVICE": "Test", "Control_number": 0}}, {"model": "gcna_data.dispatch_of_dried_nutmeg", "pk": 3, "fields": {"Nutmeg_ID_No": "3214", "STATION": "H", "DATE_OF_PICK_UP": "2023-07-19", "FINAL_MOISTURE_CONTENT": 0, "Shelf_Ground_1": null, "Tray_Ground_1": null, "Section_Ground_1": null, "Shelf_Floor_1st_1": null, "Tray_Floor_1st_1": null, "Section_Floor_1st_1": null, "Shelf_Floor_2nd_1": null, "Tray_Floor_2nd_1": null, "Section_Floor_2nd_1": null, "Shelf_Floor_Loft_1": null, "Tray_Floor_Loft_1": null, "Section_Floor_Loft_1": null, "Shelf_Ground_2": null, "Tray_Ground_2": null, "Section_Ground_2": null, "Shelf_Floor_1st_2": null, "Tray_Floor_1st_2": null, "Section_Floor_1st_2": null, "Shelf_Floor_2nd_2": null, "Tray_Floor_2nd_2": null, "Section_Floor_2nd_2": null, "Shelf_Floor_Loft_2": null, "Tray_Floor_Loft_2": null, "Section_Floor_Loft_2": null, "BATCH_NUMBER": "H20230718", "CORRESPONDING_DELIVERY_ADVICE": "Test", "Control_number": 0}}, {"model": "gcna_data.dispatch_of_green_nutmeg", "pk": 1, "fields": {"Nutmeg_ID_No": null, "STATION": "Test", "DATE_OF_PURCHASE": "2023-07-18", "TOTAL_NUM_OF_FARMERS": 0, "TOTAL_LBS_NUTMEG_BOUGHT": 0, "NUM_OF_BAGS": 0, "DELIVERY_ADVICE_NUMBER": "Test", "WAREHOUSE_RECEIPT_NUMBER": "123123123", "CONTROL_NUMBER": "3123123"}}, {"model": "gcna_data.dispatch_of_green_nutmeg", "pk": 2, "fields": {"Nutmeg_ID_No": "2131231", "STATION": "M", "DATE_OF_PURCHASE": "2023-07-07", "TOTAL_NUM_OF_FARMERS": 0, "TOTAL_LBS_NUTMEG_BOUGHT": 0, "NUM_OF_BAGS": 0, "DELIVERY_ADVICE_NUMBER": "Test", "WAREHOUSE_RECEIPT_NUMBER": "5345345543g", "CONTROL_NUMBER": "3123123"}}, {"model": "gcna_data.dispatch_of_green_nutmeg", "pk": 3, "fields": {"Nutmeg_ID_No": "3214", "STATION": "G", "DATE_OF_PURCHASE": "2023-07-14", "TOTAL_NUM_OF_FARMERS": 0, "TOTAL_LBS_NUTMEG_BOUGHT": 0, "NUM_OF_BAGS": 0, "DELIVERY_ADVICE_NUMBER": "Test", "WAREHOUSE_RECEIPT_NUMBER": "5345345543g", "CONTROL_NUMBER": "3123123"}}, {"model": "gcna_data.cracking_summary", "pk": 1, "fields": {"Nutmeg_ID_No": null, "STATION": "Test", "DATE_OF_CRACKING": "2023-07-19", "WAREHOUSE_RECEIPT_NUMBERS": "123123", "NUM_OF_BAGS": 0, "LBS_OF_NUTMEGS_CRACKED": 0}}, {"model": "gcna_data.cracking_summary", "pk": 2, "fields": {"Nutmeg_ID_No": "2131231", "STATION": "H", "DATE_OF_CRACKING": "2023-07-05", "WAREHOUSE_RECEIPT_NUMBERS": "123123", "NUM_OF_BAGS": 0, "LBS_OF_NUTMEGS_CRACKED": 0}}, {"model": "gcna_data.floation_summary", "pk": 1, "fields": {"Nutmeg_ID_No": null, "STATION": "Test", "START_DRYING_DATE": "2023-07-06", "APPROX_END_DRYING_DATE": "2023-07-08", "END_DRYING_DATE": "2023-07-05", "Shelfh": "fsdfsadf", "Trayh": "afsdfsdf", "Sectionh": null, "Shelfl": "sdfsadfsd", "Trayl": "sdfsdfsdf", "Sectionl": null, "FINAL_MOISTURE_H": "123", "FINAL_MOISTURE_L": "123123", "BATCH_NUMBER": "M20230720"}}, {"model": "gcna_data.floation_summary", "pk": 2, "fields": {"Nutmeg_ID_No": "2131231", "STATION": "H", "START_DRYING_DATE": "2023-08-03", "APPROX_END_DRYING_DATE": "2023-08-05", "END_DRYING_DATE": "2023-07-26", "Shelfh": "fsdfsadf", "Trayh": "afsdfsdf", "Sectionh": null, "Shelfl": "sdfsadfsd", "Trayl": "sdfsdfsdf", "Sectionl": null, "FINAL_MOISTURE_H": "123", "FINAL_MOISTURE_L": "123123", "BATCH_NUMBER": "G20230712"}}, {"model": "gcna_data.package_ciontrol", "pk": 1, "fields": {"Nutmeg_ID_No": null, "PRODUCT_DESCRIPTION": "GROUND NUTMEG", "START": "2023-07-05", "END": "2023-07-05", "QUANTITY_OF_BAGS": 0, "TOTAL_WEIGHT_LBS": "123", "PACKAGING_MATERIAL": "Polypropylene", "BATCH_NUMBER": "M20230720", "CONTRACT_NUMBER": "132131", "OFFICIAL_LAB_RESULTS": "dsdfadfasdadadasd"}}, {"model": "gcna_data.package_ciontrol", "pk": 2, "fields": {"Nutmeg_ID_No": "2131231", "PRODUCT_DESCRIPTION": "SUNS", "START": "2023-07-04", "END": "2023-06-27", "QUANTITY_OF_BAGS": 0, "TOTAL_WEIGHT_LBS": "123", "PACKAGING_MATERIAL": "Polypropylene", "BATCH_NUMBER": "M20230720", "CONTRACT_NUMBER": "132131", "OFFICIAL_LAB_RESULTS": "dsdfadfasdadadasd"}}]